{"type":"FeatureCollection","name":"MineScope SIMULATED community perspectives","metadata":{"synthetic":true,"recordCount":640,"seed":20260918,"description":"Fictional community perspectives for interaction design. Not collected testimony, a survey, or an estimate of real public sentiment. Sentiment categories and locations are assigned, not inferred.","locationMeaning":"Approximate synthetic places discussed, not residences.","languages":["en"]},"features":[{"type":"Feature","id":"sim-0450","geometry":{"type":"Point","coordinates":[-71.214116,-29.495593]},"properties":{"id":"sim-0450","area":"higuera","sentiment":"neutral","topic":"other","text":["Who would maintain the public record of questions and responses? The discussion needs to include effects over the full project life."],"role":["Small supplier"],"synthetic":true,"sample":450}},{"type":"Feature","id":"sim-0380","geometry":{"type":"Point","coordinates":[-71.208453,-29.495369]},"properties":{"id":"sim-0380","area":"higuera","sentiment":"mixed","topic":"livelihoods","text":["Business opportunities matter alongside who carries the additional costs. We should revisit this when new measurements are available."],"role":["Tourism worker"],"synthetic":true,"sample":380}},{"type":"Feature","id":"sim-0469","geometry":{"type":"Point","coordinates":[-71.220893,-29.506287]},"properties":{"id":"sim-0469","area":"higuera","sentiment":"hopeful","topic":"water","text":["Better storage and delivery infrastructure could help the wider community. We should revisit this when new measurements are available."],"role":["Community group"],"synthetic":true,"sample":469}},{"type":"Feature","id":"sim-0480","geometry":{"type":"Point","coordinates":[-71.123322,-29.38216]},"properties":{"id":"sim-0480","area":"trapiche","sentiment":"hopeful","topic":"livelihoods","text":["Clear local purchasing rules could help small businesses participate. Show the assumptions as well as the expected benefits."],"role":["Caregiver"],"synthetic":true,"sample":480}},{"type":"Feature","id":"sim-0602","geometry":{"type":"Point","coordinates":[-71.084556,-29.4448]},"properties":{"id":"sim-0602","area":"negrillo","sentiment":"neutral","topic":"water","text":["What allocation would remain available to households during a drought? Local knowledge could help identify what the technical map misses."],"role":["Caregiver"],"synthetic":true,"sample":602}},{"type":"Feature","id":"sim-0611","geometry":{"type":"Point","coordinates":[-71.076842,-29.44359]},"properties":{"id":"sim-0611","area":"negrillo","sentiment":"concerned","topic":"water","text":["Smaller settlements could be left out of the water network. Local knowledge could help identify what the technical map misses."],"role":["Small supplier"],"synthetic":true,"sample":611}},{"type":"Feature","id":"sim-0196","geometry":{"type":"Point","coordinates":[-71.304888,-29.307475]},"properties":{"id":"sim-0196","area":"los-choros","sentiment":"mixed","topic":"water","text":["A larger water system could help, if its operating costs stay affordable. This should be reviewed with the people who use the area regularly."],"role":["Community group"],"synthetic":true,"sample":196}},{"type":"Feature","id":"sim-0064","geometry":{"type":"Point","coordinates":[-71.456981,-29.243205]},"properties":{"id":"sim-0064","area":"choros","sentiment":"concerned","topic":"livelihoods","text":["Local contracts may be difficult for small suppliers to access. A clear map would help us discuss this in the next workshop."],"role":["Coastal household"],"synthetic":true,"sample":64}},{"type":"Feature","id":"sim-0202","geometry":{"type":"Point","coordinates":[-71.294265,-29.3009]},"properties":{"id":"sim-0202","area":"los-choros","sentiment":"concerned","topic":"livelihoods","text":["The cost of living could rise before local families see new income. A clear map would help us discuss this in the next workshop."],"role":["Tourism worker"],"synthetic":true,"sample":202}},{"type":"Feature","id":"sim-0020","geometry":{"type":"Point","coordinates":[-71.462821,-29.259228]},"properties":{"id":"sim-0020","area":"choros","sentiment":"mixed","topic":"livelihoods","text":["Business opportunities matter alongside who carries the additional costs. The discussion needs to include effects over the full project life."],"role":["Rural household"],"synthetic":true,"sample":20}},{"type":"Feature","id":"sim-0420","geometry":{"type":"Point","coordinates":[-71.207536,-29.506744]},"properties":{"id":"sim-0420","area":"higuera","sentiment":"hopeful","topic":"livelihoods","text":["Long-term apprenticeships could build skills that last beyond one project. Local knowledge could help identify what the technical map misses."],"role":["Rural household"],"synthetic":true,"sample":420}},{"type":"Feature","id":"sim-0522","geometry":{"type":"Point","coordinates":[-71.112721,-29.385199]},"properties":{"id":"sim-0522","area":"trapiche","sentiment":"mixed","topic":"health","text":["Road improvements would help, but additional traffic could offset those gains. A clear map would help us discuss this in the next workshop."],"role":["Tourism worker"],"synthetic":true,"sample":522}},{"type":"Feature","id":"sim-0619","geometry":{"type":"Point","coordinates":[-71.076724,-29.434907]},"properties":{"id":"sim-0619","area":"negrillo","sentiment":"mixed","topic":"other","text":["There is room for dialogue, but people need evidence they can independently check. Please make the evidence easy to compare across seasons."],"role":["Young resident"],"synthetic":true,"sample":619}},{"type":"Feature","id":"sim-0313","geometry":{"type":"Point","coordinates":[-71.315231,-29.48856]},"properties":{"id":"sim-0313","area":"totoralillo","sentiment":"neutral","topic":"water","text":["Who would publish water-quality measurements and how often? It would help to see who is responsible and when a response is due."],"role":["Coastal household"],"synthetic":true,"sample":313}},{"type":"Feature","id":"sim-0103","geometry":{"type":"Point","coordinates":[-71.451056,-29.253392]},"properties":{"id":"sim-0103","area":"choros","sentiment":"mixed","topic":"other","text":["The commitments sound promising, but responsibility for delivery needs to be clear. A simple public explanation would make this easier to follow."],"role":["Local business"],"synthetic":true,"sample":103}},{"type":"Feature","id":"sim-0531","geometry":{"type":"Point","coordinates":[-71.105672,-29.378822]},"properties":{"id":"sim-0531","area":"trapiche","sentiment":"hopeful","topic":"water","text":["A reliable shared water supply could make daily life easier. Please make the evidence easy to compare across seasons."],"role":["Young resident"],"synthetic":true,"sample":531}},{"type":"Feature","id":"sim-0050","geometry":{"type":"Point","coordinates":[-71.453625,-29.249972]},"properties":{"id":"sim-0050","area":"choros","sentiment":"hopeful","topic":"nature","text":["Community monitoring could build better knowledge of the coast. Include smaller settlements when deciding how to respond."],"role":["Local business"],"synthetic":true,"sample":50}},{"type":"Feature","id":"sim-0412","geometry":{"type":"Point","coordinates":[-71.218434,-29.510728]},"properties":{"id":"sim-0412","area":"higuera","sentiment":"mixed","topic":"water","text":["Desalination could help households, while creating questions about marine effects. Include smaller settlements when deciding how to respond."],"role":["Small supplier"],"synthetic":true,"sample":412}},{"type":"Feature","id":"sim-0342","geometry":{"type":"Point","coordinates":[-71.314356,-29.505029]},"properties":{"id":"sim-0342","area":"totoralillo","sentiment":"hopeful","topic":"livelihoods","text":["Long-term apprenticeships could build skills that last beyond one project. Show the assumptions as well as the expected benefits."],"role":["Young resident"],"synthetic":true,"sample":342}},{"type":"Feature","id":"sim-0053","geometry":{"type":"Point","coordinates":[-71.457669,-29.253003]},"properties":{"id":"sim-0053","area":"choros","sentiment":"mixed","topic":"other","text":["There is room for dialogue, but people need evidence they can independently check. This should be reviewed with the people who use the area regularly."],"role":["Tourism worker"],"synthetic":true,"sample":53}},{"type":"Feature","id":"sim-0461","geometry":{"type":"Point","coordinates":[-71.208613,-29.498396]},"properties":{"id":"sim-0461","area":"higuera","sentiment":"concerned","topic":"livelihoods","text":["A disruption during the fishing season would be hard for small businesses to absorb. Include smaller settlements when deciding how to respond."],"role":["Rural household"],"synthetic":true,"sample":461}},{"type":"Feature","id":"sim-0432","geometry":{"type":"Point","coordinates":[-71.207962,-29.512086]},"properties":{"id":"sim-0432","area":"higuera","sentiment":"neutral","topic":"livelihoods","text":["Which training opportunities would be available before hiring begins? Keep the information accessible to people who cannot attend every meeting."],"role":["Small supplier"],"synthetic":true,"sample":432}},{"type":"Feature","id":"sim-0394","geometry":{"type":"Point","coordinates":[-71.216213,-29.493726]},"properties":{"id":"sim-0394","area":"higuera","sentiment":"mixed","topic":"other","text":["A project can bring benefits while leaving some households worse off. Include smaller settlements when deciding how to respond."],"role":["Coastal household"],"synthetic":true,"sample":394}},{"type":"Feature","id":"sim-0334","geometry":{"type":"Point","coordinates":[-71.332043,-29.506617]},"properties":{"id":"sim-0334","area":"totoralillo","sentiment":"neutral","topic":"other","text":["How can a community suggestion become a visible change in the plan? The discussion needs to include effects over the full project life."],"role":["Coastal household"],"synthetic":true,"sample":334}},{"type":"Feature","id":"sim-0298","geometry":{"type":"Point","coordinates":[-71.311012,-29.494316]},"properties":{"id":"sim-0298","area":"totoralillo","sentiment":"concerned","topic":"health","text":["Dust near homes and outdoor work needs independent monitoring. A clear map would help us discuss this in the next workshop."],"role":["Small supplier"],"synthetic":true,"sample":298}},{"type":"Feature","id":"sim-0632","geometry":{"type":"Point","coordinates":[-71.084852,-29.431573]},"properties":{"id":"sim-0632","area":"negrillo","sentiment":"mixed","topic":"water","text":["A larger water system could help, if its operating costs stay affordable. A simple public explanation would make this easier to follow."],"role":["Small supplier"],"synthetic":true,"sample":632}},{"type":"Feature","id":"sim-0337","geometry":{"type":"Point","coordinates":[-71.322849,-29.486085]},"properties":{"id":"sim-0337","area":"totoralillo","sentiment":"neutral","topic":"other","text":["Who would maintain the public record of questions and responses? Please make the evidence easy to compare across seasons."],"role":["Caregiver"],"synthetic":true,"sample":337}},{"type":"Feature","id":"sim-0386","geometry":{"type":"Point","coordinates":[-71.210718,-29.502927]},"properties":{"id":"sim-0386","area":"higuera","sentiment":"hopeful","topic":"health","text":["Safer roads and a reliable shuttle could benefit everyday travel. The discussion needs to include effects over the full project life."],"role":["Small supplier"],"synthetic":true,"sample":386}},{"type":"Feature","id":"sim-0033","geometry":{"type":"Point","coordinates":[-71.455538,-29.25376]},"properties":{"id":"sim-0033","area":"choros","sentiment":"concerned","topic":"livelihoods","text":["The cost of living could rise before local families see new income. The discussion needs to include effects over the full project life."],"role":["Community group"],"synthetic":true,"sample":33}},{"type":"Feature","id":"sim-0468","geometry":{"type":"Point","coordinates":[-71.21482,-29.508594]},"properties":{"id":"sim-0468","area":"higuera","sentiment":"mixed","topic":"other","text":["There is room for dialogue, but people need evidence they can independently check. This should be reviewed with the people who use the area regularly."],"role":["Coastal household"],"synthetic":true,"sample":468}},{"type":"Feature","id":"sim-0191","geometry":{"type":"Point","coordinates":[-71.29622,-29.311019]},"properties":{"id":"sim-0191","area":"los-choros","sentiment":"neutral","topic":"water","text":["Who would publish water-quality measurements and how often? Local knowledge could help identify what the technical map misses."],"role":["Local business"],"synthetic":true,"sample":191}},{"type":"Feature","id":"sim-0312","geometry":{"type":"Point","coordinates":[-71.313941,-29.501251]},"properties":{"id":"sim-0312","area":"totoralillo","sentiment":"mixed","topic":"water","text":["A larger water system could help, if its operating costs stay affordable. It would help to see who is responsible and when a response is due."],"role":["Young resident"],"synthetic":true,"sample":312}},{"type":"Feature","id":"sim-0279","geometry":{"type":"Point","coordinates":[-71.311937,-29.498921]},"properties":{"id":"sim-0279","area":"totoralillo","sentiment":"mixed","topic":"nature","text":["Monitoring is useful, but it must lead to action when conditions change. A simple public explanation would make this easier to follow."],"role":["Caregiver"],"synthetic":true,"sample":279}},{"type":"Feature","id":"sim-0060","geometry":{"type":"Point","coordinates":[-71.464089,-29.245165]},"properties":{"id":"sim-0060","area":"choros","sentiment":"hopeful","topic":"livelihoods","text":["Long-term apprenticeships could build skills that last beyond one project. A clear map would help us discuss this in the next workshop."],"role":["Tourism worker"],"synthetic":true,"sample":60}},{"type":"Feature","id":"sim-0017","geometry":{"type":"Point","coordinates":[-71.457611,-29.243709]},"properties":{"id":"sim-0017","area":"choros","sentiment":"concerned","topic":"livelihoods","text":["Local contracts may be difficult for small suppliers to access. A simple public explanation would make this easier to follow."],"role":["Caregiver"],"synthetic":true,"sample":17}},{"type":"Feature","id":"sim-0087","geometry":{"type":"Point","coordinates":[-71.456436,-29.25253]},"properties":{"id":"sim-0087","area":"choros","sentiment":"mixed","topic":"other","text":["A project can bring benefits while leaving some households worse off. Show the assumptions as well as the expected benefits."],"role":["Coastal household"],"synthetic":true,"sample":87}},{"type":"Feature","id":"sim-0635","geometry":{"type":"Point","coordinates":[-71.075639,-29.43587]},"properties":{"id":"sim-0635","area":"negrillo","sentiment":"hopeful","topic":"health","text":["Investment in local services could make the area more resilient. The discussion needs to include effects over the full project life."],"role":["Local business"],"synthetic":true,"sample":635}},{"type":"Feature","id":"sim-0065","geometry":{"type":"Point","coordinates":[-71.46141,-29.249496]},"properties":{"id":"sim-0065","area":"choros","sentiment":"concerned","topic":"livelihoods","text":["A disruption during the fishing season would be hard for small businesses to absorb. Include smaller settlements when deciding how to respond."],"role":["Tourism worker"],"synthetic":true,"sample":65}},{"type":"Feature","id":"sim-0407","geometry":{"type":"Point","coordinates":[-71.197664,-29.501035]},"properties":{"id":"sim-0407","area":"higuera","sentiment":"neutral","topic":"other","text":["How can a community suggestion become a visible change in the plan? A simple public explanation would make this easier to follow."],"role":["Young resident"],"synthetic":true,"sample":407}},{"type":"Feature","id":"sim-0234","geometry":{"type":"Point","coordinates":[-71.31784,-29.50227]},"properties":{"id":"sim-0234","area":"totoralillo","sentiment":"mixed","topic":"nature","text":["Some impacts may be reduced; others may require a different location. Show the assumptions as well as the expected benefits."],"role":["Caregiver"],"synthetic":true,"sample":234}},{"type":"Feature","id":"sim-0047","geometry":{"type":"Point","coordinates":[-71.453319,-29.24978]},"properties":{"id":"sim-0047","area":"choros","sentiment":"concerned","topic":"other","text":["There needs to be a clear consequence when a commitment is missed. Show the assumptions as well as the expected benefits."],"role":["Tourism worker"],"synthetic":true,"sample":47}},{"type":"Feature","id":"sim-0425","geometry":{"type":"Point","coordinates":[-71.198168,-29.49389]},"properties":{"id":"sim-0425","area":"higuera","sentiment":"hopeful","topic":"livelihoods","text":["Long-term apprenticeships could build skills that last beyond one project. Please make the evidence easy to compare across seasons."],"role":["Small supplier"],"synthetic":true,"sample":425}},{"type":"Feature","id":"sim-0541","geometry":{"type":"Point","coordinates":[-71.118607,-29.372133]},"properties":{"id":"sim-0541","area":"trapiche","sentiment":"mixed","topic":"health","text":["Road improvements would help, but additional traffic could offset those gains. Include smaller settlements when deciding how to respond."],"role":["Rural household"],"synthetic":true,"sample":541}},{"type":"Feature","id":"sim-0584","geometry":{"type":"Point","coordinates":[-71.085275,-29.429348]},"properties":{"id":"sim-0584","area":"negrillo","sentiment":"mixed","topic":"water","text":["Desalination could help households, while creating questions about marine effects. Please separate funded commitments from ideas still being discussed."],"role":["Coastal household"],"synthetic":true,"sample":584}},{"type":"Feature","id":"sim-0629","geometry":{"type":"Point","coordinates":[-71.07742,-29.43462]},"properties":{"id":"sim-0629","area":"negrillo","sentiment":"hopeful","topic":"water","text":["Better storage and delivery infrastructure could help the wider community. Show the assumptions as well as the expected benefits."],"role":["Caregiver"],"synthetic":true,"sample":629}},{"type":"Feature","id":"sim-0063","geometry":{"type":"Point","coordinates":[-71.463137,-29.247776]},"properties":{"id":"sim-0063","area":"choros","sentiment":"concerned","topic":"nature","text":["Noise and lighting could change how wildlife uses the coast. Include smaller settlements when deciding how to respond."],"role":["Rural household"],"synthetic":true,"sample":63}},{"type":"Feature","id":"sim-0445","geometry":{"type":"Point","coordinates":[-71.212288,-29.506169]},"properties":{"id":"sim-0445","area":"higuera","sentiment":"concerned","topic":"other","text":["Technical information arrives too late for people to influence the choices. Include smaller settlements when deciding how to respond."],"role":["Community group"],"synthetic":true,"sample":445}},{"type":"Feature","id":"sim-0132","geometry":{"type":"Point","coordinates":[-71.289585,-29.292305]},"properties":{"id":"sim-0132","area":"los-choros","sentiment":"concerned","topic":"other","text":["Public meetings are difficult to attend when they overlap with working hours. Show the assumptions as well as the expected benefits."],"role":["Coastal household"],"synthetic":true,"sample":132}},{"type":"Feature","id":"sim-0261","geometry":{"type":"Point","coordinates":[-71.334546,-29.497701]},"properties":{"id":"sim-0261","area":"totoralillo","sentiment":"neutral","topic":"other","text":["Who would maintain the public record of questions and responses? Local knowledge could help identify what the technical map misses."],"role":["Small supplier"],"synthetic":true,"sample":261}},{"type":"Feature","id":"sim-0302","geometry":{"type":"Point","coordinates":[-71.316164,-29.497921]},"properties":{"id":"sim-0302","area":"totoralillo","sentiment":"mixed","topic":"nature","text":["Monitoring is useful, but it must lead to action when conditions change. This should be reviewed with the people who use the area regularly."],"role":["Community group"],"synthetic":true,"sample":302}},{"type":"Feature","id":"sim-0569","geometry":{"type":"Point","coordinates":[-71.112885,-29.37829]},"properties":{"id":"sim-0569","area":"trapiche","sentiment":"neutral","topic":"water","text":["Who would publish water-quality measurements and how often? It would help to see who is responsible and when a response is due."],"role":["Small supplier"],"synthetic":true,"sample":569}},{"type":"Feature","id":"sim-0158","geometry":{"type":"Point","coordinates":[-71.292318,-29.311208]},"properties":{"id":"sim-0158","area":"los-choros","sentiment":"neutral","topic":"other","text":["Who would maintain the public record of questions and responses? A clear map would help us discuss this in the next workshop."],"role":["Coastal household"],"synthetic":true,"sample":158}},{"type":"Feature","id":"sim-0153","geometry":{"type":"Point","coordinates":[-71.307957,-29.305916]},"properties":{"id":"sim-0153","area":"los-choros","sentiment":"concerned","topic":"health","text":["Heavy vehicle traffic could make daily journeys less safe. A simple public explanation would make this easier to follow."],"role":["Tourism worker"],"synthetic":true,"sample":153}},{"type":"Feature","id":"sim-0594","geometry":{"type":"Point","coordinates":[-71.079202,-29.433806]},"properties":{"id":"sim-0594","area":"negrillo","sentiment":"mixed","topic":"water","text":["A larger water system could help, if its operating costs stay affordable. A simple public explanation would make this easier to follow."],"role":["Rural household"],"synthetic":true,"sample":594}},{"type":"Feature","id":"sim-0604","geometry":{"type":"Point","coordinates":[-71.082813,-29.426121]},"properties":{"id":"sim-0604","area":"negrillo","sentiment":"concerned","topic":"other","text":["Public meetings are difficult to attend when they overlap with working hours. Show the assumptions as well as the expected benefits."],"role":["Local business"],"synthetic":true,"sample":604}},{"type":"Feature","id":"sim-0449","geometry":{"type":"Point","coordinates":[-71.219498,-29.509044]},"properties":{"id":"sim-0449","area":"higuera","sentiment":"mixed","topic":"water","text":["Additional water sounds useful, but the allocation rules still matter. Please separate funded commitments from ideas still being discussed."],"role":["Young resident"],"synthetic":true,"sample":449}},{"type":"Feature","id":"sim-0231","geometry":{"type":"Point","coordinates":[-71.298754,-29.304241]},"properties":{"id":"sim-0231","area":"los-choros","sentiment":"mixed","topic":"other","text":["The commitments sound promising, but responsibility for delivery needs to be clear. Local knowledge could help identify what the technical map misses."],"role":["Small supplier"],"synthetic":true,"sample":231}},{"type":"Feature","id":"sim-0270","geometry":{"type":"Point","coordinates":[-71.314695,-29.492898]},"properties":{"id":"sim-0270","area":"totoralillo","sentiment":"neutral","topic":"livelihoods","text":["How would effects on existing businesses be measured over time? Please separate funded commitments from ideas still being discussed."],"role":["Local business"],"synthetic":true,"sample":270}},{"type":"Feature","id":"sim-0347","geometry":{"type":"Point","coordinates":[-71.205985,-29.501271]},"properties":{"id":"sim-0347","area":"higuera","sentiment":"mixed","topic":"other","text":["The commitments sound promising, but responsibility for delivery needs to be clear. Please make the evidence easy to compare across seasons."],"role":["Young resident"],"synthetic":true,"sample":347}},{"type":"Feature","id":"sim-0557","geometry":{"type":"Point","coordinates":[-71.105296,-29.371652]},"properties":{"id":"sim-0557","area":"trapiche","sentiment":"mixed","topic":"water","text":["A larger water system could help, if its operating costs stay affordable. A clear map would help us discuss this in the next workshop."],"role":["Local business"],"synthetic":true,"sample":557}},{"type":"Feature","id":"sim-0100","geometry":{"type":"Point","coordinates":[-71.45515,-29.256814]},"properties":{"id":"sim-0100","area":"choros","sentiment":"concerned","topic":"livelihoods","text":["Local contracts may be difficult for small suppliers to access. Include smaller settlements when deciding how to respond."],"role":["Coastal household"],"synthetic":true,"sample":100}},{"type":"Feature","id":"sim-0503","geometry":{"type":"Point","coordinates":[-71.119397,-29.370177]},"properties":{"id":"sim-0503","area":"trapiche","sentiment":"concerned","topic":"livelihoods","text":["The cost of living could rise before local families see new income. Please make the evidence easy to compare across seasons."],"role":["Small supplier"],"synthetic":true,"sample":503}},{"type":"Feature","id":"sim-0140","geometry":{"type":"Point","coordinates":[-71.288169,-29.294086]},"properties":{"id":"sim-0140","area":"los-choros","sentiment":"concerned","topic":"water","text":["We need to understand how groundwater would be protected during a long drought. Include smaller settlements when deciding how to respond."],"role":["Community group"],"synthetic":true,"sample":140}},{"type":"Feature","id":"sim-0173","geometry":{"type":"Point","coordinates":[-71.28871,-29.295697]},"properties":{"id":"sim-0173","area":"los-choros","sentiment":"concerned","topic":"health","text":["Dust near homes and outdoor work needs independent monitoring. This should be reviewed with the people who use the area regularly."],"role":["Tourism worker"],"synthetic":true,"sample":173}},{"type":"Feature","id":"sim-0613","geometry":{"type":"Point","coordinates":[-71.073088,-29.435277]},"properties":{"id":"sim-0613","area":"negrillo","sentiment":"mixed","topic":"water","text":["A larger water system could help, if its operating costs stay affordable. Show the assumptions as well as the expected benefits."],"role":["Young resident"],"synthetic":true,"sample":613}},{"type":"Feature","id":"sim-0205","geometry":{"type":"Point","coordinates":[-71.295728,-29.300535]},"properties":{"id":"sim-0205","area":"los-choros","sentiment":"mixed","topic":"other","text":["There is room for dialogue, but people need evidence they can independently check. A simple public explanation would make this easier to follow."],"role":["Community group"],"synthetic":true,"sample":205}},{"type":"Feature","id":"sim-0330","geometry":{"type":"Point","coordinates":[-71.311484,-29.500358]},"properties":{"id":"sim-0330","area":"totoralillo","sentiment":"concerned","topic":"nature","text":["Noise and lighting could change how wildlife uses the coast. A clear map would help us discuss this in the next workshop."],"role":["Rural household"],"synthetic":true,"sample":330}},{"type":"Feature","id":"sim-0283","geometry":{"type":"Point","coordinates":[-71.325498,-29.497128]},"properties":{"id":"sim-0283","area":"totoralillo","sentiment":"concerned","topic":"nature","text":["Marine life moves beyond the islands. Vessel routes need to reflect that. Include smaller settlements when deciding how to respond."],"role":["Local business"],"synthetic":true,"sample":283}},{"type":"Feature","id":"sim-0216","geometry":{"type":"Point","coordinates":[-71.291515,-29.295612]},"properties":{"id":"sim-0216","area":"los-choros","sentiment":"mixed","topic":"health","text":["Better services would be positive, if capacity grows with demand. Show the assumptions as well as the expected benefits."],"role":["Local business"],"synthetic":true,"sample":216}},{"type":"Feature","id":"sim-0280","geometry":{"type":"Point","coordinates":[-71.31273,-29.498198]},"properties":{"id":"sim-0280","area":"totoralillo","sentiment":"mixed","topic":"water","text":["A larger water system could help, if its operating costs stay affordable. Please separate funded commitments from ideas still being discussed."],"role":["Young resident"],"synthetic":true,"sample":280}},{"type":"Feature","id":"sim-0098","geometry":{"type":"Point","coordinates":[-71.44156,-29.244666]},"properties":{"id":"sim-0098","area":"choros","sentiment":"mixed","topic":"nature","text":["Some impacts may be reduced; others may require a different location. Keep the information accessible to people who cannot attend every meeting."],"role":["Community group"],"synthetic":true,"sample":98}},{"type":"Feature","id":"sim-0343","geometry":{"type":"Point","coordinates":[-71.319662,-29.499253]},"properties":{"id":"sim-0343","area":"totoralillo","sentiment":"concerned","topic":"livelihoods","text":["Local contracts may be difficult for small suppliers to access. Keep the information accessible to people who cannot attend every meeting."],"role":["Coastal household"],"synthetic":true,"sample":343}},{"type":"Feature","id":"sim-0370","geometry":{"type":"Point","coordinates":[-71.194808,-29.510628]},"properties":{"id":"sim-0370","area":"higuera","sentiment":"hopeful","topic":"health","text":["Investment in local services could make the area more resilient. Keep the information accessible to people who cannot attend every meeting."],"role":["Coastal household"],"synthetic":true,"sample":370}},{"type":"Feature","id":"sim-0272","geometry":{"type":"Point","coordinates":[-71.324014,-29.496446]},"properties":{"id":"sim-0272","area":"totoralillo","sentiment":"concerned","topic":"nature","text":["Marine life moves beyond the islands. Vessel routes need to reflect that. Show the assumptions as well as the expected benefits."],"role":["Local business"],"synthetic":true,"sample":272}},{"type":"Feature","id":"sim-0070","geometry":{"type":"Point","coordinates":[-71.453133,-29.241785]},"properties":{"id":"sim-0070","area":"choros","sentiment":"concerned","topic":"water","text":["Smaller settlements could be left out of the water network. Include smaller settlements when deciding how to respond."],"role":["Coastal household"],"synthetic":true,"sample":70}},{"type":"Feature","id":"sim-0625","geometry":{"type":"Point","coordinates":[-71.077718,-29.442182]},"properties":{"id":"sim-0625","area":"negrillo","sentiment":"neutral","topic":"nature","text":["How are coastal activities and habitat connections represented together? We should revisit this when new measurements are available."],"role":["Coastal household"],"synthetic":true,"sample":625}},{"type":"Feature","id":"sim-0206","geometry":{"type":"Point","coordinates":[-71.296233,-29.299703]},"properties":{"id":"sim-0206","area":"los-choros","sentiment":"concerned","topic":"livelihoods","text":["The cost of living could rise before local families see new income. We should revisit this when new measurements are available."],"role":["Tourism worker"],"synthetic":true,"sample":206}},{"type":"Feature","id":"sim-0304","geometry":{"type":"Point","coordinates":[-71.313335,-29.49131]},"properties":{"id":"sim-0304","area":"totoralillo","sentiment":"concerned","topic":"other","text":["Public meetings are difficult to attend when they overlap with working hours. A clear map would help us discuss this in the next workshop."],"role":["Coastal household"],"synthetic":true,"sample":304}},{"type":"Feature","id":"sim-0396","geometry":{"type":"Point","coordinates":[-71.200375,-29.493291]},"properties":{"id":"sim-0396","area":"higuera","sentiment":"hopeful","topic":"livelihoods","text":["Training linked to real local jobs could create options for young people. Include smaller settlements when deciding how to respond."],"role":["Tourism worker"],"synthetic":true,"sample":396}},{"type":"Feature","id":"sim-0489","geometry":{"type":"Point","coordinates":[-71.111259,-29.373647]},"properties":{"id":"sim-0489","area":"trapiche","sentiment":"hopeful","topic":"livelihoods","text":["Long-term apprenticeships could build skills that last beyond one project. We should revisit this when new measurements are available."],"role":["Community group"],"synthetic":true,"sample":489}},{"type":"Feature","id":"sim-0277","geometry":{"type":"Point","coordinates":[-71.314152,-29.489125]},"properties":{"id":"sim-0277","area":"totoralillo","sentiment":"concerned","topic":"livelihoods","text":["A disruption during the fishing season would be hard for small businesses to absorb. Include smaller settlements when deciding how to respond."],"role":["Young resident"],"synthetic":true,"sample":277}},{"type":"Feature","id":"sim-0204","geometry":{"type":"Point","coordinates":[-71.309143,-29.30273]},"properties":{"id":"sim-0204","area":"los-choros","sentiment":"mixed","topic":"livelihoods","text":["Business opportunities matter alongside who carries the additional costs. We should revisit this when new measurements are available."],"role":["Small supplier"],"synthetic":true,"sample":204}},{"type":"Feature","id":"sim-0141","geometry":{"type":"Point","coordinates":[-71.283789,-29.300911]},"properties":{"id":"sim-0141","area":"los-choros","sentiment":"mixed","topic":"water","text":["Desalination could help households, while creating questions about marine effects. Please separate funded commitments from ideas still being discussed."],"role":["Tourism worker"],"synthetic":true,"sample":141}},{"type":"Feature","id":"sim-0467","geometry":{"type":"Point","coordinates":[-71.194304,-29.497912]},"properties":{"id":"sim-0467","area":"higuera","sentiment":"hopeful","topic":"livelihoods","text":["Long-term apprenticeships could build skills that last beyond one project. Include smaller settlements when deciding how to respond."],"role":["Tourism worker"],"synthetic":true,"sample":467}},{"type":"Feature","id":"sim-0210","geometry":{"type":"Point","coordinates":[-71.291921,-29.295501]},"properties":{"id":"sim-0210","area":"los-choros","sentiment":"concerned","topic":"water","text":["We need to understand how groundwater would be protected during a long drought. We should revisit this when new measurements are available."],"role":["Coastal household"],"synthetic":true,"sample":210}},{"type":"Feature","id":"sim-0417","geometry":{"type":"Point","coordinates":[-71.211181,-29.503659]},"properties":{"id":"sim-0417","area":"higuera","sentiment":"concerned","topic":"water","text":["We need to understand how groundwater would be protected during a long drought. A simple public explanation would make this easier to follow."],"role":["Young resident"],"synthetic":true,"sample":417}},{"type":"Feature","id":"sim-0106","geometry":{"type":"Point","coordinates":[-71.459134,-29.265227]},"properties":{"id":"sim-0106","area":"choros","sentiment":"concerned","topic":"nature","text":["A species map from one season cannot describe the whole year. The discussion needs to include effects over the full project life."],"role":["Caregiver"],"synthetic":true,"sample":106}},{"type":"Feature","id":"sim-0406","geometry":{"type":"Point","coordinates":[-71.207184,-29.503401]},"properties":{"id":"sim-0406","area":"higuera","sentiment":"mixed","topic":"livelihoods","text":["New jobs would be welcome, but fishing and tourism also need a future. A clear map would help us discuss this in the next workshop."],"role":["Local business"],"synthetic":true,"sample":406}},{"type":"Feature","id":"sim-0021","geometry":{"type":"Point","coordinates":[-71.444399,-29.246877]},"properties":{"id":"sim-0021","area":"choros","sentiment":"mixed","topic":"water","text":["Additional water sounds useful, but the allocation rules still matter. It would help to see who is responsible and when a response is due."],"role":["Tourism worker"],"synthetic":true,"sample":21}},{"type":"Feature","id":"sim-0333","geometry":{"type":"Point","coordinates":[-71.315119,-29.488162]},"properties":{"id":"sim-0333","area":"totoralillo","sentiment":"concerned","topic":"nature","text":["Marine life moves beyond the islands. Vessel routes need to reflect that. It would help to see who is responsible and when a response is due."],"role":["Caregiver"],"synthetic":true,"sample":333}},{"type":"Feature","id":"sim-0388","geometry":{"type":"Point","coordinates":[-71.207634,-29.511143]},"properties":{"id":"sim-0388","area":"higuera","sentiment":"concerned","topic":"livelihoods","text":["Local contracts may be difficult for small suppliers to access. This should be reviewed with the people who use the area regularly."],"role":["Coastal household"],"synthetic":true,"sample":388}},{"type":"Feature","id":"sim-0603","geometry":{"type":"Point","coordinates":[-71.089861,-29.43709]},"properties":{"id":"sim-0603","area":"negrillo","sentiment":"concerned","topic":"water","text":["We need to understand how groundwater would be protected during a long drought. Keep the information accessible to people who cannot attend every meeting."],"role":["Coastal household"],"synthetic":true,"sample":603}},{"type":"Feature","id":"sim-0617","geometry":{"type":"Point","coordinates":[-71.062731,-29.436955]},"properties":{"id":"sim-0617","area":"negrillo","sentiment":"mixed","topic":"health","text":["Construction timing matters as much as the final design for everyday life. We should revisit this when new measurements are available."],"role":["Young resident"],"synthetic":true,"sample":617}},{"type":"Feature","id":"sim-0326","geometry":{"type":"Point","coordinates":[-71.310176,-29.49525]},"properties":{"id":"sim-0326","area":"totoralillo","sentiment":"mixed","topic":"nature","text":["Monitoring is useful, but it must lead to action when conditions change. Please make the evidence easy to compare across seasons."],"role":["Tourism worker"],"synthetic":true,"sample":326}},{"type":"Feature","id":"sim-0012","geometry":{"type":"Point","coordinates":[-71.46538,-29.251733]},"properties":{"id":"sim-0012","area":"choros","sentiment":"mixed","topic":"other","text":["The commitments sound promising, but responsibility for delivery needs to be clear. This should be reviewed with the people who use the area regularly."],"role":["Caregiver"],"synthetic":true,"sample":12}},{"type":"Feature","id":"sim-0442","geometry":{"type":"Point","coordinates":[-71.219604,-29.500504]},"properties":{"id":"sim-0442","area":"higuera","sentiment":"hopeful","topic":"livelihoods","text":["Long-term apprenticeships could build skills that last beyond one project. Include smaller settlements when deciding how to respond."],"role":["Rural household"],"synthetic":true,"sample":442}},{"type":"Feature","id":"sim-0059","geometry":{"type":"Point","coordinates":[-71.45633,-29.243231]},"properties":{"id":"sim-0059","area":"choros","sentiment":"concerned","topic":"water","text":["We need to understand how groundwater would be protected during a long drought. Local knowledge could help identify what the technical map misses."],"role":["Caregiver"],"synthetic":true,"sample":59}},{"type":"Feature","id":"sim-0222","geometry":{"type":"Point","coordinates":[-71.297401,-29.298136]},"properties":{"id":"sim-0222","area":"los-choros","sentiment":"concerned","topic":"water","text":["Smaller settlements could be left out of the water network. Please separate funded commitments from ideas still being discussed."],"role":["Caregiver"],"synthetic":true,"sample":222}},{"type":"Feature","id":"sim-0018","geometry":{"type":"Point","coordinates":[-71.445035,-29.250008]},"properties":{"id":"sim-0018","area":"choros","sentiment":"concerned","topic":"livelihoods","text":["Local contracts may be difficult for small suppliers to access. A clear map would help us discuss this in the next workshop."],"role":["Coastal household"],"synthetic":true,"sample":18}},{"type":"Feature","id":"sim-0622","geometry":{"type":"Point","coordinates":[-71.076124,-29.430998]},"properties":{"id":"sim-0622","area":"negrillo","sentiment":"concerned","topic":"water","text":["We need to understand how groundwater would be protected during a long drought. Show the assumptions as well as the expected benefits."],"role":["Young resident"],"synthetic":true,"sample":622}},{"type":"Feature","id":"sim-0534","geometry":{"type":"Point","coordinates":[-71.107703,-29.378836]},"properties":{"id":"sim-0534","area":"trapiche","sentiment":"concerned","topic":"other","text":["Public meetings are difficult to attend when they overlap with working hours. A clear map would help us discuss this in the next workshop."],"role":["Community group"],"synthetic":true,"sample":534}},{"type":"Feature","id":"sim-0507","geometry":{"type":"Point","coordinates":[-71.12066,-29.376754]},"properties":{"id":"sim-0507","area":"trapiche","sentiment":"mixed","topic":"livelihoods","text":["Business opportunities matter alongside who carries the additional costs. Show the assumptions as well as the expected benefits."],"role":["Coastal household"],"synthetic":true,"sample":507}},{"type":"Feature","id":"sim-0155","geometry":{"type":"Point","coordinates":[-71.317995,-29.298806]},"properties":{"id":"sim-0155","area":"los-choros","sentiment":"mixed","topic":"water","text":["Desalination could help households, while creating questions about marine effects. Keep the information accessible to people who cannot attend every meeting."],"role":["Local business"],"synthetic":true,"sample":155}},{"type":"Feature","id":"sim-0115","geometry":{"type":"Point","coordinates":[-71.454211,-29.240338]},"properties":{"id":"sim-0115","area":"choros","sentiment":"mixed","topic":"nature","text":["Development and conservation may coexist, but only with clear ecological limits. We should revisit this when new measurements are available."],"role":["Rural household"],"synthetic":true,"sample":115}},{"type":"Feature","id":"sim-0558","geometry":{"type":"Point","coordinates":[-71.111156,-29.369927]},"properties":{"id":"sim-0558","area":"trapiche","sentiment":"concerned","topic":"health","text":["Emergency response capacity needs to grow before construction begins. A simple public explanation would make this easier to follow."],"role":["Small supplier"],"synthetic":true,"sample":558}},{"type":"Feature","id":"sim-0107","geometry":{"type":"Point","coordinates":[-71.45221,-29.245724]},"properties":{"id":"sim-0107","area":"choros","sentiment":"concerned","topic":"other","text":["Public meetings are difficult to attend when they overlap with working hours. We should revisit this when new measurements are available."],"role":["Small supplier"],"synthetic":true,"sample":107}},{"type":"Feature","id":"sim-0430","geometry":{"type":"Point","coordinates":[-71.203649,-29.504809]},"properties":{"id":"sim-0430","area":"higuera","sentiment":"hopeful","topic":"livelihoods","text":["Training linked to real local jobs could create options for young people. Please separate funded commitments from ideas still being discussed."],"role":["Young resident"],"synthetic":true,"sample":430}},{"type":"Feature","id":"sim-0299","geometry":{"type":"Point","coordinates":[-71.32488,-29.498184]},"properties":{"id":"sim-0299","area":"totoralillo","sentiment":"concerned","topic":"health","text":["Dust near homes and outdoor work needs independent monitoring. We should revisit this when new measurements are available."],"role":["Caregiver"],"synthetic":true,"sample":299}},{"type":"Feature","id":"sim-0620","geometry":{"type":"Point","coordinates":[-71.078853,-29.426991]},"properties":{"id":"sim-0620","area":"negrillo","sentiment":"mixed","topic":"water","text":["Additional water sounds useful, but the allocation rules still matter. A clear map would help us discuss this in the next workshop."],"role":["Small supplier"],"synthetic":true,"sample":620}},{"type":"Feature","id":"sim-0498","geometry":{"type":"Point","coordinates":[-71.115474,-29.375399]},"properties":{"id":"sim-0498","area":"trapiche","sentiment":"concerned","topic":"health","text":["Heavy vehicle traffic could make daily journeys less safe. Show the assumptions as well as the expected benefits."],"role":["Caregiver"],"synthetic":true,"sample":498}},{"type":"Feature","id":"sim-0357","geometry":{"type":"Point","coordinates":[-71.214552,-29.498384]},"properties":{"id":"sim-0357","area":"higuera","sentiment":"mixed","topic":"livelihoods","text":["Business opportunities matter alongside who carries the additional costs. Local knowledge could help identify what the technical map misses."],"role":["Coastal household"],"synthetic":true,"sample":357}},{"type":"Feature","id":"sim-0147","geometry":{"type":"Point","coordinates":[-71.283232,-29.300164]},"properties":{"id":"sim-0147","area":"los-choros","sentiment":"neutral","topic":"water","text":["Who would publish water-quality measurements and how often? The discussion needs to include effects over the full project life."],"role":["Coastal household"],"synthetic":true,"sample":147}},{"type":"Feature","id":"sim-0427","geometry":{"type":"Point","coordinates":[-71.222061,-29.498527]},"properties":{"id":"sim-0427","area":"higuera","sentiment":"hopeful","topic":"water","text":["Community-led water monitoring could turn a promise into something we can track. Local knowledge could help identify what the technical map misses."],"role":["Rural household"],"synthetic":true,"sample":427}},{"type":"Feature","id":"sim-0164","geometry":{"type":"Point","coordinates":[-71.296739,-29.2951]},"properties":{"id":"sim-0164","area":"los-choros","sentiment":"mixed","topic":"water","text":["Additional water sounds useful, but the allocation rules still matter. A clear map would help us discuss this in the next workshop."],"role":["Local business"],"synthetic":true,"sample":164}},{"type":"Feature","id":"sim-0094","geometry":{"type":"Point","coordinates":[-71.451534,-29.243306]},"properties":{"id":"sim-0094","area":"choros","sentiment":"concerned","topic":"nature","text":["Noise and lighting could change how wildlife uses the coast. Please separate funded commitments from ideas still being discussed."],"role":["Caregiver"],"synthetic":true,"sample":94}},{"type":"Feature","id":"sim-0321","geometry":{"type":"Point","coordinates":[-71.311281,-29.497712]},"properties":{"id":"sim-0321","area":"totoralillo","sentiment":"hopeful","topic":"water","text":["Better storage and delivery infrastructure could help the wider community. It would help to see who is responsible and when a response is due."],"role":["Tourism worker"],"synthetic":true,"sample":321}},{"type":"Feature","id":"sim-0455","geometry":{"type":"Point","coordinates":[-71.210843,-29.503635]},"properties":{"id":"sim-0455","area":"higuera","sentiment":"hopeful","topic":"water","text":["Better storage and delivery infrastructure could help the wider community. A simple public explanation would make this easier to follow."],"role":["Community group"],"synthetic":true,"sample":455}},{"type":"Feature","id":"sim-0579","geometry":{"type":"Point","coordinates":[-71.072093,-29.43266]},"properties":{"id":"sim-0579","area":"negrillo","sentiment":"concerned","topic":"water","text":["We need to understand how groundwater would be protected during a long drought. Include smaller settlements when deciding how to respond."],"role":["Coastal household"],"synthetic":true,"sample":579}},{"type":"Feature","id":"sim-0616","geometry":{"type":"Point","coordinates":[-71.081962,-29.435731]},"properties":{"id":"sim-0616","area":"negrillo","sentiment":"hopeful","topic":"other","text":["A regular community forum could help concerns be addressed earlier. Show the assumptions as well as the expected benefits."],"role":["Community group"],"synthetic":true,"sample":616}},{"type":"Feature","id":"sim-0500","geometry":{"type":"Point","coordinates":[-71.110118,-29.367623]},"properties":{"id":"sim-0500","area":"trapiche","sentiment":"hopeful","topic":"livelihoods","text":["Training linked to real local jobs could create options for young people. Please make the evidence easy to compare across seasons."],"role":["Caregiver"],"synthetic":true,"sample":500}},{"type":"Feature","id":"sim-0589","geometry":{"type":"Point","coordinates":[-71.078121,-29.438674]},"properties":{"id":"sim-0589","area":"negrillo","sentiment":"neutral","topic":"other","text":["Which decisions are still open to change through this process? A simple public explanation would make this easier to follow."],"role":["Tourism worker"],"synthetic":true,"sample":589}},{"type":"Feature","id":"sim-0538","geometry":{"type":"Point","coordinates":[-71.115564,-29.377617]},"properties":{"id":"sim-0538","area":"trapiche","sentiment":"mixed","topic":"water","text":["Desalination could help households, while creating questions about marine effects. It would help to see who is responsible and when a response is due."],"role":["Young resident"],"synthetic":true,"sample":538}},{"type":"Feature","id":"sim-0515","geometry":{"type":"Point","coordinates":[-71.104445,-29.377111]},"properties":{"id":"sim-0515","area":"trapiche","sentiment":"concerned","topic":"other","text":["Technical information arrives too late for people to influence the choices. It would help to see who is responsible and when a response is due."],"role":["Small supplier"],"synthetic":true,"sample":515}},{"type":"Feature","id":"sim-0077","geometry":{"type":"Point","coordinates":[-71.459616,-29.24095]},"properties":{"id":"sim-0077","area":"choros","sentiment":"concerned","topic":"other","text":["There needs to be a clear consequence when a commitment is missed. Keep the information accessible to people who cannot attend every meeting."],"role":["Rural household"],"synthetic":true,"sample":77}},{"type":"Feature","id":"sim-0189","geometry":{"type":"Point","coordinates":[-71.307943,-29.305511]},"properties":{"id":"sim-0189","area":"los-choros","sentiment":"concerned","topic":"livelihoods","text":["Local contracts may be difficult for small suppliers to access. Please make the evidence easy to compare across seasons."],"role":["Coastal household"],"synthetic":true,"sample":189}},{"type":"Feature","id":"sim-0229","geometry":{"type":"Point","coordinates":[-71.297683,-29.287351]},"properties":{"id":"sim-0229","area":"los-choros","sentiment":"mixed","topic":"other","text":["A project can bring benefits while leaving some households worse off. Include smaller settlements when deciding how to respond."],"role":["Small supplier"],"synthetic":true,"sample":229}},{"type":"Feature","id":"sim-0221","geometry":{"type":"Point","coordinates":[-71.284552,-29.293993]},"properties":{"id":"sim-0221","area":"los-choros","sentiment":"concerned","topic":"water","text":["We need to understand how groundwater would be protected during a long drought. The discussion needs to include effects over the full project life."],"role":["Coastal household"],"synthetic":true,"sample":221}},{"type":"Feature","id":"sim-0462","geometry":{"type":"Point","coordinates":[-71.213374,-29.502362]},"properties":{"id":"sim-0462","area":"higuera","sentiment":"hopeful","topic":"livelihoods","text":["Clear local purchasing rules could help small businesses participate. Please separate funded commitments from ideas still being discussed."],"role":["Young resident"],"synthetic":true,"sample":462}},{"type":"Feature","id":"sim-0454","geometry":{"type":"Point","coordinates":[-71.213456,-29.508915]},"properties":{"id":"sim-0454","area":"higuera","sentiment":"concerned","topic":"water","text":["Smaller settlements could be left out of the water network. Please separate funded commitments from ideas still being discussed."],"role":["Caregiver"],"synthetic":true,"sample":454}},{"type":"Feature","id":"sim-0301","geometry":{"type":"Point","coordinates":[-71.325097,-29.489076]},"properties":{"id":"sim-0301","area":"totoralillo","sentiment":"concerned","topic":"water","text":["A water promise needs an enforceable delivery plan. Show the assumptions as well as the expected benefits."],"role":["Coastal household"],"synthetic":true,"sample":301}},{"type":"Feature","id":"sim-0413","geometry":{"type":"Point","coordinates":[-71.213973,-29.502782]},"properties":{"id":"sim-0413","area":"higuera","sentiment":"hopeful","topic":"other","text":["Seeing different kinds of evidence on one map makes it easier to ask useful questions. Local knowledge could help identify what the technical map misses."],"role":["Community group"],"synthetic":true,"sample":413}},{"type":"Feature","id":"sim-0156","geometry":{"type":"Point","coordinates":[-71.302425,-29.297649]},"properties":{"id":"sim-0156","area":"los-choros","sentiment":"mixed","topic":"other","text":["A project can bring benefits while leaving some households worse off. Include smaller settlements when deciding how to respond."],"role":["Rural household"],"synthetic":true,"sample":156}},{"type":"Feature","id":"sim-0448","geometry":{"type":"Point","coordinates":[-71.210878,-29.504515]},"properties":{"id":"sim-0448","area":"higuera","sentiment":"mixed","topic":"livelihoods","text":["Business opportunities matter alongside who carries the additional costs. It would help to see who is responsible and when a response is due."],"role":["Community group"],"synthetic":true,"sample":448}},{"type":"Feature","id":"sim-0618","geometry":{"type":"Point","coordinates":[-71.075082,-29.4271]},"properties":{"id":"sim-0618","area":"negrillo","sentiment":"mixed","topic":"health","text":["Road improvements would help, but additional traffic could offset those gains. Local knowledge could help identify what the technical map misses."],"role":["Community group"],"synthetic":true,"sample":618}},{"type":"Feature","id":"sim-0264","geometry":{"type":"Point","coordinates":[-71.320316,-29.493415]},"properties":{"id":"sim-0264","area":"totoralillo","sentiment":"mixed","topic":"health","text":["Better services would be positive, if capacity grows with demand. This should be reviewed with the people who use the area regularly."],"role":["Coastal household"],"synthetic":true,"sample":264}},{"type":"Feature","id":"sim-0088","geometry":{"type":"Point","coordinates":[-71.455983,-29.251002]},"properties":{"id":"sim-0088","area":"choros","sentiment":"concerned","topic":"livelihoods","text":["The cost of living could rise before local families see new income. Please make the evidence easy to compare across seasons."],"role":["Young resident"],"synthetic":true,"sample":88}},{"type":"Feature","id":"sim-0539","geometry":{"type":"Point","coordinates":[-71.121713,-29.37956]},"properties":{"id":"sim-0539","area":"trapiche","sentiment":"hopeful","topic":"other","text":["Seeing different kinds of evidence on one map makes it easier to ask useful questions. Please make the evidence easy to compare across seasons."],"role":["Rural household"],"synthetic":true,"sample":539}},{"type":"Feature","id":"sim-0446","geometry":{"type":"Point","coordinates":[-71.210528,-29.503715]},"properties":{"id":"sim-0446","area":"higuera","sentiment":"mixed","topic":"livelihoods","text":["Construction work could help families, but temporary jobs need a plan for what follows. Keep the information accessible to people who cannot attend every meeting."],"role":["Rural household"],"synthetic":true,"sample":446}},{"type":"Feature","id":"sim-0542","geometry":{"type":"Point","coordinates":[-71.111593,-29.384634]},"properties":{"id":"sim-0542","area":"trapiche","sentiment":"hopeful","topic":"other","text":["Seeing different kinds of evidence on one map makes it easier to ask useful questions. Please separate funded commitments from ideas still being discussed."],"role":["Caregiver"],"synthetic":true,"sample":542}},{"type":"Feature","id":"sim-0638","geometry":{"type":"Point","coordinates":[-71.070328,-29.440959]},"properties":{"id":"sim-0638","area":"negrillo","sentiment":"concerned","topic":"water","text":["Smaller settlements could be left out of the water network. This should be reviewed with the people who use the area regularly."],"role":["Small supplier"],"synthetic":true,"sample":638}},{"type":"Feature","id":"sim-0220","geometry":{"type":"Point","coordinates":[-71.313932,-29.299958]},"properties":{"id":"sim-0220","area":"los-choros","sentiment":"concerned","topic":"livelihoods","text":["A disruption during the fishing season would be hard for small businesses to absorb. Keep the information accessible to people who cannot attend every meeting."],"role":["Local business"],"synthetic":true,"sample":220}},{"type":"Feature","id":"sim-0348","geometry":{"type":"Point","coordinates":[-71.216586,-29.495175]},"properties":{"id":"sim-0348","area":"higuera","sentiment":"mixed","topic":"other","text":["There is room for dialogue, but people need evidence they can independently check. The discussion needs to include effects over the full project life."],"role":["Caregiver"],"synthetic":true,"sample":348}},{"type":"Feature","id":"sim-0013","geometry":{"type":"Point","coordinates":[-71.452696,-29.254867]},"properties":{"id":"sim-0013","area":"choros","sentiment":"concerned","topic":"nature","text":["Noise and lighting could change how wildlife uses the coast. We should revisit this when new measurements are available."],"role":["Small supplier"],"synthetic":true,"sample":13}},{"type":"Feature","id":"sim-0078","geometry":{"type":"Point","coordinates":[-71.462903,-29.253241]},"properties":{"id":"sim-0078","area":"choros","sentiment":"mixed","topic":"nature","text":["Monitoring is useful, but it must lead to action when conditions change. Local knowledge could help identify what the technical map misses."],"role":["Coastal household"],"synthetic":true,"sample":78}},{"type":"Feature","id":"sim-0566","geometry":{"type":"Point","coordinates":[-71.11715,-29.374626]},"properties":{"id":"sim-0566","area":"trapiche","sentiment":"mixed","topic":"water","text":["Additional water sounds useful, but the allocation rules still matter. This should be reviewed with the people who use the area regularly."],"role":["Tourism worker"],"synthetic":true,"sample":566}},{"type":"Feature","id":"sim-0096","geometry":{"type":"Point","coordinates":[-71.448452,-29.254998]},"properties":{"id":"sim-0096","area":"choros","sentiment":"concerned","topic":"livelihoods","text":["Local contracts may be difficult for small suppliers to access. The discussion needs to include effects over the full project life."],"role":["Small supplier"],"synthetic":true,"sample":96}},{"type":"Feature","id":"sim-0185","geometry":{"type":"Point","coordinates":[-71.294553,-29.307113]},"properties":{"id":"sim-0185","area":"los-choros","sentiment":"mixed","topic":"water","text":["A larger water system could help, if its operating costs stay affordable. A clear map would help us discuss this in the next workshop."],"role":["Coastal household"],"synthetic":true,"sample":185}},{"type":"Feature","id":"sim-0165","geometry":{"type":"Point","coordinates":[-71.310647,-29.294973]},"properties":{"id":"sim-0165","area":"los-choros","sentiment":"mixed","topic":"health","text":["Road improvements would help, but additional traffic could offset those gains. We should revisit this when new measurements are available."],"role":["Local business"],"synthetic":true,"sample":165}},{"type":"Feature","id":"sim-0561","geometry":{"type":"Point","coordinates":[-71.117842,-29.377992]},"properties":{"id":"sim-0561","area":"trapiche","sentiment":"mixed","topic":"health","text":["Road improvements would help, but additional traffic could offset those gains. Local knowledge could help identify what the technical map misses."],"role":["Local business"],"synthetic":true,"sample":561}},{"type":"Feature","id":"sim-0630","geometry":{"type":"Point","coordinates":[-71.070204,-29.441434]},"properties":{"id":"sim-0630","area":"negrillo","sentiment":"mixed","topic":"other","text":["The commitments sound promising, but responsibility for delivery needs to be clear. Local knowledge could help identify what the technical map misses."],"role":["Small supplier"],"synthetic":true,"sample":630}},{"type":"Feature","id":"sim-0166","geometry":{"type":"Point","coordinates":[-71.291254,-29.293804]},"properties":{"id":"sim-0166","area":"los-choros","sentiment":"mixed","topic":"health","text":["Better services would be positive, if capacity grows with demand. We should revisit this when new measurements are available."],"role":["Community group"],"synthetic":true,"sample":166}},{"type":"Feature","id":"sim-0329","geometry":{"type":"Point","coordinates":[-71.316688,-29.49737]},"properties":{"id":"sim-0329","area":"totoralillo","sentiment":"concerned","topic":"nature","text":["Noise and lighting could change how wildlife uses the coast. A clear map would help us discuss this in the next workshop."],"role":["Local business"],"synthetic":true,"sample":329}},{"type":"Feature","id":"sim-0353","geometry":{"type":"Point","coordinates":[-71.206902,-29.500021]},"properties":{"id":"sim-0353","area":"higuera","sentiment":"concerned","topic":"livelihoods","text":["A disruption during the fishing season would be hard for small businesses to absorb. We should revisit this when new measurements are available."],"role":["Rural household"],"synthetic":true,"sample":353}},{"type":"Feature","id":"sim-0076","geometry":{"type":"Point","coordinates":[-71.449507,-29.247243]},"properties":{"id":"sim-0076","area":"choros","sentiment":"neutral","topic":"nature","text":["Which monitoring results would trigger a change in operations? Please separate funded commitments from ideas still being discussed."],"role":["Small supplier"],"synthetic":true,"sample":76}},{"type":"Feature","id":"sim-0360","geometry":{"type":"Point","coordinates":[-71.204567,-29.509949]},"properties":{"id":"sim-0360","area":"higuera","sentiment":"hopeful","topic":"livelihoods","text":["Long-term apprenticeships could build skills that last beyond one project. Please separate funded commitments from ideas still being discussed."],"role":["Small supplier"],"synthetic":true,"sample":360}},{"type":"Feature","id":"sim-0439","geometry":{"type":"Point","coordinates":[-71.219247,-29.496018]},"properties":{"id":"sim-0439","area":"higuera","sentiment":"mixed","topic":"water","text":["Desalination could help households, while creating questions about marine effects. Include smaller settlements when deciding how to respond."],"role":["Coastal household"],"synthetic":true,"sample":439}},{"type":"Feature","id":"sim-0331","geometry":{"type":"Point","coordinates":[-71.337645,-29.500227]},"properties":{"id":"sim-0331","area":"totoralillo","sentiment":"concerned","topic":"nature","text":["Noise and lighting could change how wildlife uses the coast. A clear map would help us discuss this in the next workshop."],"role":["Tourism worker"],"synthetic":true,"sample":331}},{"type":"Feature","id":"sim-0193","geometry":{"type":"Point","coordinates":[-71.305293,-29.298142]},"properties":{"id":"sim-0193","area":"los-choros","sentiment":"concerned","topic":"livelihoods","text":["A disruption during the fishing season would be hard for small businesses to absorb. Please separate funded commitments from ideas still being discussed."],"role":["Young resident"],"synthetic":true,"sample":193}},{"type":"Feature","id":"sim-0137","geometry":{"type":"Point","coordinates":[-71.297844,-29.297886]},"properties":{"id":"sim-0137","area":"los-choros","sentiment":"mixed","topic":"water","text":["Additional water sounds useful, but the allocation rules still matter. This should be reviewed with the people who use the area regularly."],"role":["Caregiver"],"synthetic":true,"sample":137}},{"type":"Feature","id":"sim-0623","geometry":{"type":"Point","coordinates":[-71.072007,-29.43386]},"properties":{"id":"sim-0623","area":"negrillo","sentiment":"mixed","topic":"other","text":["There is room for dialogue, but people need evidence they can independently check. Please make the evidence easy to compare across seasons."],"role":["Caregiver"],"synthetic":true,"sample":623}},{"type":"Feature","id":"sim-0493","geometry":{"type":"Point","coordinates":[-71.114968,-29.383529]},"properties":{"id":"sim-0493","area":"trapiche","sentiment":"hopeful","topic":"livelihoods","text":["Training linked to real local jobs could create options for young people. Include smaller settlements when deciding how to respond."],"role":["Small supplier"],"synthetic":true,"sample":493}},{"type":"Feature","id":"sim-0253","geometry":{"type":"Point","coordinates":[-71.315681,-29.501828]},"properties":{"id":"sim-0253","area":"totoralillo","sentiment":"hopeful","topic":"water","text":["Better storage and delivery infrastructure could help the wider community. Include smaller settlements when deciding how to respond."],"role":["Coastal household"],"synthetic":true,"sample":253}},{"type":"Feature","id":"sim-0490","geometry":{"type":"Point","coordinates":[-71.120923,-29.37674]},"properties":{"id":"sim-0490","area":"trapiche","sentiment":"concerned","topic":"other","text":["Technical information arrives too late for people to influence the choices. Please make the evidence easy to compare across seasons."],"role":["Coastal household"],"synthetic":true,"sample":490}},{"type":"Feature","id":"sim-0581","geometry":{"type":"Point","coordinates":[-71.075561,-29.440451]},"properties":{"id":"sim-0581","area":"negrillo","sentiment":"mixed","topic":"other","text":["The commitments sound promising, but responsibility for delivery needs to be clear. Please make the evidence easy to compare across seasons."],"role":["Coastal household"],"synthetic":true,"sample":581}},{"type":"Feature","id":"sim-0049","geometry":{"type":"Point","coordinates":[-71.448281,-29.24313]},"properties":{"id":"sim-0049","area":"choros","sentiment":"hopeful","topic":"livelihoods","text":["Clear local purchasing rules could help small businesses participate. This should be reviewed with the people who use the area regularly."],"role":["Community group"],"synthetic":true,"sample":49}},{"type":"Feature","id":"sim-0010","geometry":{"type":"Point","coordinates":[-71.455698,-29.24323]},"properties":{"id":"sim-0010","area":"choros","sentiment":"mixed","topic":"other","text":["The commitments sound promising, but responsibility for delivery needs to be clear. Please make the evidence easy to compare across seasons."],"role":["Caregiver"],"synthetic":true,"sample":10}},{"type":"Feature","id":"sim-0554","geometry":{"type":"Point","coordinates":[-71.110797,-29.377782]},"properties":{"id":"sim-0554","area":"trapiche","sentiment":"mixed","topic":"health","text":["Better services would be positive, if capacity grows with demand. Local knowledge could help identify what the technical map misses."],"role":["Caregiver"],"synthetic":true,"sample":554}},{"type":"Feature","id":"sim-0458","geometry":{"type":"Point","coordinates":[-71.208477,-29.504823]},"properties":{"id":"sim-0458","area":"higuera","sentiment":"concerned","topic":"livelihoods","text":["The cost of living could rise before local families see new income. We should revisit this when new measurements are available."],"role":["Young resident"],"synthetic":true,"sample":458}},{"type":"Feature","id":"sim-0549","geometry":{"type":"Point","coordinates":[-71.112144,-29.386906]},"properties":{"id":"sim-0549","area":"trapiche","sentiment":"hopeful","topic":"health","text":["Shared emergency equipment could improve response for nearby settlements. A clear map would help us discuss this in the next workshop."],"role":["Small supplier"],"synthetic":true,"sample":549}},{"type":"Feature","id":"sim-0090","geometry":{"type":"Point","coordinates":[-71.441917,-29.255866]},"properties":{"id":"sim-0090","area":"choros","sentiment":"concerned","topic":"livelihoods","text":["The cost of living could rise before local families see new income. Keep the information accessible to people who cannot attend every meeting."],"role":["Local business"],"synthetic":true,"sample":90}},{"type":"Feature","id":"sim-0217","geometry":{"type":"Point","coordinates":[-71.29253,-29.298211]},"properties":{"id":"sim-0217","area":"los-choros","sentiment":"neutral","topic":"health","text":["How would changes in demand for healthcare and transport be assessed? We should revisit this when new measurements are available."],"role":["Coastal household"],"synthetic":true,"sample":217}},{"type":"Feature","id":"sim-0317","geometry":{"type":"Point","coordinates":[-71.319551,-29.494382]},"properties":{"id":"sim-0317","area":"totoralillo","sentiment":"hopeful","topic":"nature","text":["A shared habitat map could help everyone avoid sensitive areas. Please make the evidence easy to compare across seasons."],"role":["Young resident"],"synthetic":true,"sample":317}},{"type":"Feature","id":"sim-0401","geometry":{"type":"Point","coordinates":[-71.199632,-29.499333]},"properties":{"id":"sim-0401","area":"higuera","sentiment":"mixed","topic":"livelihoods","text":["Business opportunities matter alongside who carries the additional costs. Please make the evidence easy to compare across seasons."],"role":["Tourism worker"],"synthetic":true,"sample":401}},{"type":"Feature","id":"sim-0172","geometry":{"type":"Point","coordinates":[-71.314719,-29.306963]},"properties":{"id":"sim-0172","area":"los-choros","sentiment":"mixed","topic":"health","text":["Road improvements would help, but additional traffic could offset those gains. The discussion needs to include effects over the full project life."],"role":["Tourism worker"],"synthetic":true,"sample":172}},{"type":"Feature","id":"sim-0169","geometry":{"type":"Point","coordinates":[-71.298641,-29.297551]},"properties":{"id":"sim-0169","area":"los-choros","sentiment":"concerned","topic":"livelihoods","text":["The cost of living could rise before local families see new income. It would help to see who is responsible and when a response is due."],"role":["Community group"],"synthetic":true,"sample":169}},{"type":"Feature","id":"sim-0637","geometry":{"type":"Point","coordinates":[-71.081181,-29.419847]},"properties":{"id":"sim-0637","area":"negrillo","sentiment":"concerned","topic":"nature","text":["A species map from one season cannot describe the whole year. The discussion needs to include effects over the full project life."],"role":["Coastal household"],"synthetic":true,"sample":637}},{"type":"Feature","id":"sim-0110","geometry":{"type":"Point","coordinates":[-71.46433,-29.241545]},"properties":{"id":"sim-0110","area":"choros","sentiment":"mixed","topic":"nature","text":["Monitoring is useful, but it must lead to action when conditions change. It would help to see who is responsible and when a response is due."],"role":["Small supplier"],"synthetic":true,"sample":110}},{"type":"Feature","id":"sim-0505","geometry":{"type":"Point","coordinates":[-71.117979,-29.375956]},"properties":{"id":"sim-0505","area":"trapiche","sentiment":"mixed","topic":"health","text":["Construction timing matters as much as the final design for everyday life. Please separate funded commitments from ideas still being discussed."],"role":["Caregiver"],"synthetic":true,"sample":505}},{"type":"Feature","id":"sim-0378","geometry":{"type":"Point","coordinates":[-71.21558,-29.495935]},"properties":{"id":"sim-0378","area":"higuera","sentiment":"mixed","topic":"health","text":["Construction timing matters as much as the final design for everyday life. Please make the evidence easy to compare across seasons."],"role":["Rural household"],"synthetic":true,"sample":378}},{"type":"Feature","id":"sim-0624","geometry":{"type":"Point","coordinates":[-71.08148,-29.442364]},"properties":{"id":"sim-0624","area":"negrillo","sentiment":"mixed","topic":"water","text":["Desalination could help households, while creating questions about marine effects. A simple public explanation would make this easier to follow."],"role":["Local business"],"synthetic":true,"sample":624}},{"type":"Feature","id":"sim-0292","geometry":{"type":"Point","coordinates":[-71.335902,-29.487035]},"properties":{"id":"sim-0292","area":"totoralillo","sentiment":"mixed","topic":"nature","text":["Some impacts may be reduced; others may require a different location. This should be reviewed with the people who use the area regularly."],"role":["Tourism worker"],"synthetic":true,"sample":292}},{"type":"Feature","id":"sim-0338","geometry":{"type":"Point","coordinates":[-71.314769,-29.491439]},"properties":{"id":"sim-0338","area":"totoralillo","sentiment":"concerned","topic":"health","text":["Heavy vehicle traffic could make daily journeys less safe. Keep the information accessible to people who cannot attend every meeting."],"role":["Caregiver"],"synthetic":true,"sample":338}},{"type":"Feature","id":"sim-0133","geometry":{"type":"Point","coordinates":[-71.297178,-29.304236]},"properties":{"id":"sim-0133","area":"los-choros","sentiment":"concerned","topic":"water","text":["A water promise needs an enforceable delivery plan. Please make the evidence easy to compare across seasons."],"role":["Young resident"],"synthetic":true,"sample":133}},{"type":"Feature","id":"sim-0438","geometry":{"type":"Point","coordinates":[-71.216887,-29.502337]},"properties":{"id":"sim-0438","area":"higuera","sentiment":"mixed","topic":"livelihoods","text":["Construction work could help families, but temporary jobs need a plan for what follows. Local knowledge could help identify what the technical map misses."],"role":["Young resident"],"synthetic":true,"sample":438}},{"type":"Feature","id":"sim-0309","geometry":{"type":"Point","coordinates":[-71.319154,-29.494637]},"properties":{"id":"sim-0309","area":"totoralillo","sentiment":"mixed","topic":"livelihoods","text":["Construction work could help families, but temporary jobs need a plan for what follows. Show the assumptions as well as the expected benefits."],"role":["Local business"],"synthetic":true,"sample":309}},{"type":"Feature","id":"sim-0038","geometry":{"type":"Point","coordinates":[-71.453718,-29.25728]},"properties":{"id":"sim-0038","area":"choros","sentiment":"concerned","topic":"nature","text":["A species map from one season cannot describe the whole year. We should revisit this when new measurements are available."],"role":["Local business"],"synthetic":true,"sample":38}},{"type":"Feature","id":"sim-0072","geometry":{"type":"Point","coordinates":[-71.44445,-29.24975]},"properties":{"id":"sim-0072","area":"choros","sentiment":"hopeful","topic":"nature","text":["Restoration work could support local skills and long-term ecological care. A simple public explanation would make this easier to follow."],"role":["Caregiver"],"synthetic":true,"sample":72}},{"type":"Feature","id":"sim-0154","geometry":{"type":"Point","coordinates":[-71.291787,-29.290285]},"properties":{"id":"sim-0154","area":"los-choros","sentiment":"mixed","topic":"livelihoods","text":["Business opportunities matter alongside who carries the additional costs. Please make the evidence easy to compare across seasons."],"role":["Coastal household"],"synthetic":true,"sample":154}},{"type":"Feature","id":"sim-0075","geometry":{"type":"Point","coordinates":[-71.460521,-29.253584]},"properties":{"id":"sim-0075","area":"choros","sentiment":"concerned","topic":"livelihoods","text":["A disruption during the fishing season would be hard for small businesses to absorb. Please separate funded commitments from ideas still being discussed."],"role":["Caregiver"],"synthetic":true,"sample":75}},{"type":"Feature","id":"sim-0411","geometry":{"type":"Point","coordinates":[-71.206208,-29.508423]},"properties":{"id":"sim-0411","area":"higuera","sentiment":"hopeful","topic":"health","text":["Investment in local services could make the area more resilient. Please separate funded commitments from ideas still being discussed."],"role":["Young resident"],"synthetic":true,"sample":411}},{"type":"Feature","id":"sim-0483","geometry":{"type":"Point","coordinates":[-71.116789,-29.384048]},"properties":{"id":"sim-0483","area":"trapiche","sentiment":"concerned","topic":"livelihoods","text":["A disruption during the fishing season would be hard for small businesses to absorb. We should revisit this when new measurements are available."],"role":["Caregiver"],"synthetic":true,"sample":483}},{"type":"Feature","id":"sim-0066","geometry":{"type":"Point","coordinates":[-71.450542,-29.255741]},"properties":{"id":"sim-0066","area":"choros","sentiment":"concerned","topic":"other","text":["There needs to be a clear consequence when a commitment is missed. Please separate funded commitments from ideas still being discussed."],"role":["Tourism worker"],"synthetic":true,"sample":66}},{"type":"Feature","id":"sim-0377","geometry":{"type":"Point","coordinates":[-71.209691,-29.508256]},"properties":{"id":"sim-0377","area":"higuera","sentiment":"mixed","topic":"livelihoods","text":["Construction work could help families, but temporary jobs need a plan for what follows. A simple public explanation would make this easier to follow."],"role":["Tourism worker"],"synthetic":true,"sample":377}},{"type":"Feature","id":"sim-0546","geometry":{"type":"Point","coordinates":[-71.09927,-29.368786]},"properties":{"id":"sim-0546","area":"trapiche","sentiment":"concerned","topic":"other","text":["Public meetings are difficult to attend when they overlap with working hours. Include smaller settlements when deciding how to respond."],"role":["Local business"],"synthetic":true,"sample":546}},{"type":"Feature","id":"sim-0633","geometry":{"type":"Point","coordinates":[-71.077983,-29.444768]},"properties":{"id":"sim-0633","area":"negrillo","sentiment":"concerned","topic":"nature","text":["Marine life moves beyond the islands. Vessel routes need to reflect that. This should be reviewed with the people who use the area regularly."],"role":["Community group"],"synthetic":true,"sample":633}},{"type":"Feature","id":"sim-0203","geometry":{"type":"Point","coordinates":[-71.299378,-29.299866]},"properties":{"id":"sim-0203","area":"los-choros","sentiment":"concerned","topic":"livelihoods","text":["The cost of living could rise before local families see new income. Keep the information accessible to people who cannot attend every meeting."],"role":["Caregiver"],"synthetic":true,"sample":203}},{"type":"Feature","id":"sim-0608","geometry":{"type":"Point","coordinates":[-71.079325,-29.438814]},"properties":{"id":"sim-0608","area":"negrillo","sentiment":"hopeful","topic":"health","text":["Investment in local services could make the area more resilient. Please separate funded commitments from ideas still being discussed."],"role":["Rural household"],"synthetic":true,"sample":608}},{"type":"Feature","id":"sim-0102","geometry":{"type":"Point","coordinates":[-71.464529,-29.258239]},"properties":{"id":"sim-0102","area":"choros","sentiment":"concerned","topic":"nature","text":["Noise and lighting could change how wildlife uses the coast. Please separate funded commitments from ideas still being discussed."],"role":["Tourism worker"],"synthetic":true,"sample":102}},{"type":"Feature","id":"sim-0621","geometry":{"type":"Point","coordinates":[-71.089166,-29.427146]},"properties":{"id":"sim-0621","area":"negrillo","sentiment":"concerned","topic":"other","text":["There needs to be a clear consequence when a commitment is missed. A simple public explanation would make this easier to follow."],"role":["Caregiver"],"synthetic":true,"sample":621}},{"type":"Feature","id":"sim-0332","geometry":{"type":"Point","coordinates":[-71.318546,-29.495404]},"properties":{"id":"sim-0332","area":"totoralillo","sentiment":"mixed","topic":"other","text":["There is room for dialogue, but people need evidence they can independently check. Please separate funded commitments from ideas still being discussed."],"role":["Local business"],"synthetic":true,"sample":332}},{"type":"Feature","id":"sim-0175","geometry":{"type":"Point","coordinates":[-71.285086,-29.306829]},"properties":{"id":"sim-0175","area":"los-choros","sentiment":"concerned","topic":"water","text":["We need to understand how groundwater would be protected during a long drought. The discussion needs to include effects over the full project life."],"role":["Young resident"],"synthetic":true,"sample":175}},{"type":"Feature","id":"sim-0246","geometry":{"type":"Point","coordinates":[-71.323072,-29.491444]},"properties":{"id":"sim-0246","area":"totoralillo","sentiment":"hopeful","topic":"water","text":["A reliable shared water supply could make daily life easier. Show the assumptions as well as the expected benefits."],"role":["Rural household"],"synthetic":true,"sample":246}},{"type":"Feature","id":"sim-0440","geometry":{"type":"Point","coordinates":[-71.215456,-29.494114]},"properties":{"id":"sim-0440","area":"higuera","sentiment":"concerned","topic":"health","text":["Emergency response capacity needs to grow before construction begins. Include smaller settlements when deciding how to respond."],"role":["Community group"],"synthetic":true,"sample":440}},{"type":"Feature","id":"sim-0127","geometry":{"type":"Point","coordinates":[-71.445405,-29.2487]},"properties":{"id":"sim-0127","area":"choros","sentiment":"hopeful","topic":"nature","text":["A shared habitat map could help everyone avoid sensitive areas. A simple public explanation would make this easier to follow."],"role":["Caregiver"],"synthetic":true,"sample":127}},{"type":"Feature","id":"sim-0634","geometry":{"type":"Point","coordinates":[-71.068847,-29.437809]},"properties":{"id":"sim-0634","area":"negrillo","sentiment":"concerned","topic":"nature","text":["Marine life moves beyond the islands. Vessel routes need to reflect that. We should revisit this when new measurements are available."],"role":["Small supplier"],"synthetic":true,"sample":634}},{"type":"Feature","id":"sim-0339","geometry":{"type":"Point","coordinates":[-71.335003,-29.491137]},"properties":{"id":"sim-0339","area":"totoralillo","sentiment":"concerned","topic":"other","text":["Technical information arrives too late for people to influence the choices. It would help to see who is responsible and when a response is due."],"role":["Young resident"],"synthetic":true,"sample":339}},{"type":"Feature","id":"sim-0273","geometry":{"type":"Point","coordinates":[-71.314778,-29.491793]},"properties":{"id":"sim-0273","area":"totoralillo","sentiment":"mixed","topic":"nature","text":["Development and conservation may coexist, but only with clear ecological limits. Please make the evidence easy to compare across seasons."],"role":["Coastal household"],"synthetic":true,"sample":273}},{"type":"Feature","id":"sim-0359","geometry":{"type":"Point","coordinates":[-71.200238,-29.507858]},"properties":{"id":"sim-0359","area":"higuera","sentiment":"neutral","topic":"water","text":["What allocation would remain available to households during a drought? A clear map would help us discuss this in the next workshop."],"role":["Rural household"],"synthetic":true,"sample":359}},{"type":"Feature","id":"sim-0145","geometry":{"type":"Point","coordinates":[-71.301354,-29.308549]},"properties":{"id":"sim-0145","area":"los-choros","sentiment":"neutral","topic":"water","text":["Which parts of the water network are proposed, and which already exist? A simple public explanation would make this easier to follow."],"role":["Rural household"],"synthetic":true,"sample":145}},{"type":"Feature","id":"sim-0074","geometry":{"type":"Point","coordinates":[-71.444343,-29.245913]},"properties":{"id":"sim-0074","area":"choros","sentiment":"mixed","topic":"livelihoods","text":["Business opportunities matter alongside who carries the additional costs. A clear map would help us discuss this in the next workshop."],"role":["Small supplier"],"synthetic":true,"sample":74}},{"type":"Feature","id":"sim-0242","geometry":{"type":"Point","coordinates":[-71.317452,-29.500984]},"properties":{"id":"sim-0242","area":"totoralillo","sentiment":"mixed","topic":"nature","text":["Some impacts may be reduced; others may require a different location. Local knowledge could help identify what the technical map misses."],"role":["Local business"],"synthetic":true,"sample":242}},{"type":"Feature","id":"sim-0320","geometry":{"type":"Point","coordinates":[-71.315721,-29.489835]},"properties":{"id":"sim-0320","area":"totoralillo","sentiment":"mixed","topic":"water","text":["Additional water sounds useful, but the allocation rules still matter. The discussion needs to include effects over the full project life."],"role":["Rural household"],"synthetic":true,"sample":320}},{"type":"Feature","id":"sim-0188","geometry":{"type":"Point","coordinates":[-71.307616,-29.296751]},"properties":{"id":"sim-0188","area":"los-choros","sentiment":"mixed","topic":"water","text":["A larger water system could help, if its operating costs stay affordable. Please separate funded commitments from ideas still being discussed."],"role":["Coastal household"],"synthetic":true,"sample":188}},{"type":"Feature","id":"sim-0510","geometry":{"type":"Point","coordinates":[-71.113794,-29.373726]},"properties":{"id":"sim-0510","area":"trapiche","sentiment":"mixed","topic":"health","text":["Road improvements would help, but additional traffic could offset those gains. The discussion needs to include effects over the full project life."],"role":["Coastal household"],"synthetic":true,"sample":510}},{"type":"Feature","id":"sim-0376","geometry":{"type":"Point","coordinates":[-71.197737,-29.511946]},"properties":{"id":"sim-0376","area":"higuera","sentiment":"hopeful","topic":"water","text":["Community-led water monitoring could turn a promise into something we can track. Include smaller settlements when deciding how to respond."],"role":["Rural household"],"synthetic":true,"sample":376}},{"type":"Feature","id":"sim-0349","geometry":{"type":"Point","coordinates":[-71.200645,-29.494707]},"properties":{"id":"sim-0349","area":"higuera","sentiment":"concerned","topic":"livelihoods","text":["The cost of living could rise before local families see new income. The discussion needs to include effects over the full project life."],"role":["Coastal household"],"synthetic":true,"sample":349}},{"type":"Feature","id":"sim-0130","geometry":{"type":"Point","coordinates":[-71.315541,-29.294304]},"properties":{"id":"sim-0130","area":"los-choros","sentiment":"mixed","topic":"other","text":["A project can bring benefits while leaving some households worse off. Local knowledge could help identify what the technical map misses."],"role":["Young resident"],"synthetic":true,"sample":130}},{"type":"Feature","id":"sim-0325","geometry":{"type":"Point","coordinates":[-71.319131,-29.494584]},"properties":{"id":"sim-0325","area":"totoralillo","sentiment":"concerned","topic":"health","text":["Heavy vehicle traffic could make daily journeys less safe. Show the assumptions as well as the expected benefits."],"role":["Coastal household"],"synthetic":true,"sample":325}},{"type":"Feature","id":"sim-0195","geometry":{"type":"Point","coordinates":[-71.298564,-29.29408]},"properties":{"id":"sim-0195","area":"los-choros","sentiment":"concerned","topic":"other","text":["There needs to be a clear consequence when a commitment is missed. Keep the information accessible to people who cannot attend every meeting."],"role":["Coastal household"],"synthetic":true,"sample":195}},{"type":"Feature","id":"sim-0607","geometry":{"type":"Point","coordinates":[-71.086954,-29.442399]},"properties":{"id":"sim-0607","area":"negrillo","sentiment":"mixed","topic":"health","text":["Road improvements would help, but additional traffic could offset those gains. Please separate funded commitments from ideas still being discussed."],"role":["Young resident"],"synthetic":true,"sample":607}},{"type":"Feature","id":"sim-0081","geometry":{"type":"Point","coordinates":[-71.456255,-29.251379]},"properties":{"id":"sim-0081","area":"choros","sentiment":"hopeful","topic":"water","text":["Better storage and delivery infrastructure could help the wider community. Local knowledge could help identify what the technical map misses."],"role":["Coastal household"],"synthetic":true,"sample":81}},{"type":"Feature","id":"sim-0245","geometry":{"type":"Point","coordinates":[-71.318205,-29.495692]},"properties":{"id":"sim-0245","area":"totoralillo","sentiment":"mixed","topic":"water","text":["Desalination could help households, while creating questions about marine effects. Local knowledge could help identify what the technical map misses."],"role":["Local business"],"synthetic":true,"sample":245}},{"type":"Feature","id":"sim-0036","geometry":{"type":"Point","coordinates":[-71.461536,-29.249846]},"properties":{"id":"sim-0036","area":"choros","sentiment":"concerned","topic":"water","text":["Smaller settlements could be left out of the water network. Include smaller settlements when deciding how to respond."],"role":["Caregiver"],"synthetic":true,"sample":36}},{"type":"Feature","id":"sim-0201","geometry":{"type":"Point","coordinates":[-71.289119,-29.293665]},"properties":{"id":"sim-0201","area":"los-choros","sentiment":"mixed","topic":"water","text":["Desalination could help households, while creating questions about marine effects. A simple public explanation would make this easier to follow."],"role":["Rural household"],"synthetic":true,"sample":201}},{"type":"Feature","id":"sim-0028","geometry":{"type":"Point","coordinates":[-71.464976,-29.25182]},"properties":{"id":"sim-0028","area":"choros","sentiment":"concerned","topic":"nature","text":["A species map from one season cannot describe the whole year. Please separate funded commitments from ideas still being discussed."],"role":["Rural household"],"synthetic":true,"sample":28}},{"type":"Feature","id":"sim-0285","geometry":{"type":"Point","coordinates":[-71.321228,-29.484446]},"properties":{"id":"sim-0285","area":"totoralillo","sentiment":"concerned","topic":"livelihoods","text":["The cost of living could rise before local families see new income. Please make the evidence easy to compare across seasons."],"role":["Tourism worker"],"synthetic":true,"sample":285}},{"type":"Feature","id":"sim-0254","geometry":{"type":"Point","coordinates":[-71.322402,-29.495676]},"properties":{"id":"sim-0254","area":"totoralillo","sentiment":"mixed","topic":"health","text":["Better services would be positive, if capacity grows with demand. Please make the evidence easy to compare across seasons."],"role":["Local business"],"synthetic":true,"sample":254}},{"type":"Feature","id":"sim-0482","geometry":{"type":"Point","coordinates":[-71.105665,-29.387495]},"properties":{"id":"sim-0482","area":"trapiche","sentiment":"concerned","topic":"health","text":["Heavy vehicle traffic could make daily journeys less safe. A simple public explanation would make this easier to follow."],"role":["Local business"],"synthetic":true,"sample":482}},{"type":"Feature","id":"sim-0379","geometry":{"type":"Point","coordinates":[-71.211534,-29.506812]},"properties":{"id":"sim-0379","area":"higuera","sentiment":"hopeful","topic":"other","text":["A public record of commitments could make conversations more constructive. Please make the evidence easy to compare across seasons."],"role":["Tourism worker"],"synthetic":true,"sample":379}},{"type":"Feature","id":"sim-0042","geometry":{"type":"Point","coordinates":[-71.452576,-29.247101]},"properties":{"id":"sim-0042","area":"choros","sentiment":"mixed","topic":"nature","text":["Some impacts may be reduced; others may require a different location. We should revisit this when new measurements are available."],"role":["Tourism worker"],"synthetic":true,"sample":42}},{"type":"Feature","id":"sim-0367","geometry":{"type":"Point","coordinates":[-71.220622,-29.508264]},"properties":{"id":"sim-0367","area":"higuera","sentiment":"concerned","topic":"livelihoods","text":["The cost of living could rise before local families see new income. Please separate funded commitments from ideas still being discussed."],"role":["Coastal household"],"synthetic":true,"sample":367}},{"type":"Feature","id":"sim-0011","geometry":{"type":"Point","coordinates":[-71.453457,-29.244066]},"properties":{"id":"sim-0011","area":"choros","sentiment":"mixed","topic":"livelihoods","text":["Business opportunities matter alongside who carries the additional costs. Please make the evidence easy to compare across seasons."],"role":["Tourism worker"],"synthetic":true,"sample":11}},{"type":"Feature","id":"sim-0149","geometry":{"type":"Point","coordinates":[-71.287002,-29.293831]},"properties":{"id":"sim-0149","area":"los-choros","sentiment":"neutral","topic":"water","text":["What allocation would remain available to households during a drought? This should be reviewed with the people who use the area regularly."],"role":["Community group"],"synthetic":true,"sample":149}},{"type":"Feature","id":"sim-0249","geometry":{"type":"Point","coordinates":[-71.327076,-29.491924]},"properties":{"id":"sim-0249","area":"totoralillo","sentiment":"concerned","topic":"nature","text":["Noise and lighting could change how wildlife uses the coast. A clear map would help us discuss this in the next workshop."],"role":["Rural household"],"synthetic":true,"sample":249}},{"type":"Feature","id":"sim-0478","geometry":{"type":"Point","coordinates":[-71.113008,-29.382223]},"properties":{"id":"sim-0478","area":"trapiche","sentiment":"mixed","topic":"livelihoods","text":["Construction work could help families, but temporary jobs need a plan for what follows. Please make the evidence easy to compare across seasons."],"role":["Caregiver"],"synthetic":true,"sample":478}},{"type":"Feature","id":"sim-0271","geometry":{"type":"Point","coordinates":[-71.333693,-29.492786]},"properties":{"id":"sim-0271","area":"totoralillo","sentiment":"hopeful","topic":"other","text":["Seeing different kinds of evidence on one map makes it easier to ask useful questions. This should be reviewed with the people who use the area regularly."],"role":["Young resident"],"synthetic":true,"sample":271}},{"type":"Feature","id":"sim-0008","geometry":{"type":"Point","coordinates":[-71.457347,-29.256331]},"properties":{"id":"sim-0008","area":"choros","sentiment":"concerned","topic":"nature","text":["Marine life moves beyond the islands. Vessel routes need to reflect that. Local knowledge could help identify what the technical map misses."],"role":["Coastal household"],"synthetic":true,"sample":8}},{"type":"Feature","id":"sim-0243","geometry":{"type":"Point","coordinates":[-71.33061,-29.493337]},"properties":{"id":"sim-0243","area":"totoralillo","sentiment":"neutral","topic":"water","text":["What allocation would remain available to households during a drought? This should be reviewed with the people who use the area regularly."],"role":["Local business"],"synthetic":true,"sample":243}},{"type":"Feature","id":"sim-0559","geometry":{"type":"Point","coordinates":[-71.107656,-29.375716]},"properties":{"id":"sim-0559","area":"trapiche","sentiment":"concerned","topic":"other","text":["There needs to be a clear consequence when a commitment is missed. Local knowledge could help identify what the technical map misses."],"role":["Coastal household"],"synthetic":true,"sample":559}},{"type":"Feature","id":"sim-0341","geometry":{"type":"Point","coordinates":[-71.32115,-29.50292]},"properties":{"id":"sim-0341","area":"totoralillo","sentiment":"neutral","topic":"health","text":["Which roads would carry additional traffic and at what times? A clear map would help us discuss this in the next workshop."],"role":["Coastal household"],"synthetic":true,"sample":341}},{"type":"Feature","id":"sim-0244","geometry":{"type":"Point","coordinates":[-71.32026,-29.492895]},"properties":{"id":"sim-0244","area":"totoralillo","sentiment":"concerned","topic":"nature","text":["Noise and lighting could change how wildlife uses the coast. Local knowledge could help identify what the technical map misses."],"role":["Small supplier"],"synthetic":true,"sample":244}},{"type":"Feature","id":"sim-0045","geometry":{"type":"Point","coordinates":[-71.454986,-29.246059]},"properties":{"id":"sim-0045","area":"choros","sentiment":"mixed","topic":"nature","text":["Monitoring is useful, but it must lead to action when conditions change. Keep the information accessible to people who cannot attend every meeting."],"role":["Caregiver"],"synthetic":true,"sample":45}},{"type":"Feature","id":"sim-0460","geometry":{"type":"Point","coordinates":[-71.207273,-29.497799]},"properties":{"id":"sim-0460","area":"higuera","sentiment":"hopeful","topic":"health","text":["Safer roads and a reliable shuttle could benefit everyday travel. Include smaller settlements when deciding how to respond."],"role":["Tourism worker"],"synthetic":true,"sample":460}},{"type":"Feature","id":"sim-0139","geometry":{"type":"Point","coordinates":[-71.309289,-29.293329]},"properties":{"id":"sim-0139","area":"los-choros","sentiment":"hopeful","topic":"water","text":["A reliable shared water supply could make daily life easier. A clear map would help us discuss this in the next workshop."],"role":["Local business"],"synthetic":true,"sample":139}},{"type":"Feature","id":"sim-0551","geometry":{"type":"Point","coordinates":[-71.116507,-29.372465]},"properties":{"id":"sim-0551","area":"trapiche","sentiment":"concerned","topic":"health","text":["Dust near homes and outdoor work needs independent monitoring. The discussion needs to include effects over the full project life."],"role":["Coastal household"],"synthetic":true,"sample":551}},{"type":"Feature","id":"sim-0125","geometry":{"type":"Point","coordinates":[-71.454597,-29.253223]},"properties":{"id":"sim-0125","area":"choros","sentiment":"hopeful","topic":"water","text":["Community-led water monitoring could turn a promise into something we can track. It would help to see who is responsible and when a response is due."],"role":["Rural household"],"synthetic":true,"sample":125}},{"type":"Feature","id":"sim-0228","geometry":{"type":"Point","coordinates":[-71.302521,-29.297605]},"properties":{"id":"sim-0228","area":"los-choros","sentiment":"neutral","topic":"water","text":["Who would publish water-quality measurements and how often? It would help to see who is responsible and when a response is due."],"role":["Coastal household"],"synthetic":true,"sample":228}},{"type":"Feature","id":"sim-0131","geometry":{"type":"Point","coordinates":[-71.32128,-29.299342]},"properties":{"id":"sim-0131","area":"los-choros","sentiment":"hopeful","topic":"health","text":["Investment in local services could make the area more resilient. It would help to see who is responsible and when a response is due."],"role":["Rural household"],"synthetic":true,"sample":131}},{"type":"Feature","id":"sim-0144","geometry":{"type":"Point","coordinates":[-71.300362,-29.29417]},"properties":{"id":"sim-0144","area":"los-choros","sentiment":"neutral","topic":"other","text":["How can a community suggestion become a visible change in the plan? A clear map would help us discuss this in the next workshop."],"role":["Community group"],"synthetic":true,"sample":144}},{"type":"Feature","id":"sim-0288","geometry":{"type":"Point","coordinates":[-71.325701,-29.493267]},"properties":{"id":"sim-0288","area":"totoralillo","sentiment":"concerned","topic":"nature","text":["Marine life moves beyond the islands. Vessel routes need to reflect that. A simple public explanation would make this easier to follow."],"role":["Caregiver"],"synthetic":true,"sample":288}},{"type":"Feature","id":"sim-0516","geometry":{"type":"Point","coordinates":[-71.127379,-29.375957]},"properties":{"id":"sim-0516","area":"trapiche","sentiment":"concerned","topic":"other","text":["Public meetings are difficult to attend when they overlap with working hours. Please separate funded commitments from ideas still being discussed."],"role":["Tourism worker"],"synthetic":true,"sample":516}},{"type":"Feature","id":"sim-0436","geometry":{"type":"Point","coordinates":[-71.201499,-29.496566]},"properties":{"id":"sim-0436","area":"higuera","sentiment":"hopeful","topic":"other","text":["A regular community forum could help concerns be addressed earlier. Please separate funded commitments from ideas still being discussed."],"role":["Tourism worker"],"synthetic":true,"sample":436}},{"type":"Feature","id":"sim-0211","geometry":{"type":"Point","coordinates":[-71.29515,-29.300974]},"properties":{"id":"sim-0211","area":"los-choros","sentiment":"mixed","topic":"water","text":["Desalination could help households, while creating questions about marine effects. Include smaller settlements when deciding how to respond."],"role":["Local business"],"synthetic":true,"sample":211}},{"type":"Feature","id":"sim-0275","geometry":{"type":"Point","coordinates":[-71.327234,-29.497397]},"properties":{"id":"sim-0275","area":"totoralillo","sentiment":"hopeful","topic":"nature","text":["Restoration work could support local skills and long-term ecological care. It would help to see who is responsible and when a response is due."],"role":["Rural household"],"synthetic":true,"sample":275}},{"type":"Feature","id":"sim-0398","geometry":{"type":"Point","coordinates":[-71.202142,-29.501837]},"properties":{"id":"sim-0398","area":"higuera","sentiment":"concerned","topic":"livelihoods","text":["A disruption during the fishing season would be hard for small businesses to absorb. It would help to see who is responsible and when a response is due."],"role":["Community group"],"synthetic":true,"sample":398}},{"type":"Feature","id":"sim-0544","geometry":{"type":"Point","coordinates":[-71.096375,-29.379954]},"properties":{"id":"sim-0544","area":"trapiche","sentiment":"hopeful","topic":"livelihoods","text":["Long-term apprenticeships could build skills that last beyond one project. A simple public explanation would make this easier to follow."],"role":["Community group"],"synthetic":true,"sample":544}},{"type":"Feature","id":"sim-0023","geometry":{"type":"Point","coordinates":[-71.457438,-29.243447]},"properties":{"id":"sim-0023","area":"choros","sentiment":"hopeful","topic":"nature","text":["A shared habitat map could help everyone avoid sensitive areas. Keep the information accessible to people who cannot attend every meeting."],"role":["Caregiver"],"synthetic":true,"sample":23}},{"type":"Feature","id":"sim-0627","geometry":{"type":"Point","coordinates":[-71.082312,-29.436639]},"properties":{"id":"sim-0627","area":"negrillo","sentiment":"hopeful","topic":"other","text":["A regular community forum could help concerns be addressed earlier. Show the assumptions as well as the expected benefits."],"role":["Tourism worker"],"synthetic":true,"sample":627}},{"type":"Feature","id":"sim-0198","geometry":{"type":"Point","coordinates":[-71.290805,-29.289929]},"properties":{"id":"sim-0198","area":"los-choros","sentiment":"concerned","topic":"water","text":["A water promise needs an enforceable delivery plan. We should revisit this when new measurements are available."],"role":["Small supplier"],"synthetic":true,"sample":198}},{"type":"Feature","id":"sim-0286","geometry":{"type":"Point","coordinates":[-71.316143,-29.498624]},"properties":{"id":"sim-0286","area":"totoralillo","sentiment":"mixed","topic":"health","text":["Better services would be positive, if capacity grows with demand. A simple public explanation would make this easier to follow."],"role":["Caregiver"],"synthetic":true,"sample":286}},{"type":"Feature","id":"sim-0295","geometry":{"type":"Point","coordinates":[-71.329647,-29.492591]},"properties":{"id":"sim-0295","area":"totoralillo","sentiment":"concerned","topic":"nature","text":["Marine life moves beyond the islands. Vessel routes need to reflect that. We should revisit this when new measurements are available."],"role":["Coastal household"],"synthetic":true,"sample":295}},{"type":"Feature","id":"sim-0176","geometry":{"type":"Point","coordinates":[-71.288876,-29.307228]},"properties":{"id":"sim-0176","area":"los-choros","sentiment":"hopeful","topic":"health","text":["Shared emergency equipment could improve response for nearby settlements. Include smaller settlements when deciding how to respond."],"role":["Community group"],"synthetic":true,"sample":176}},{"type":"Feature","id":"sim-0259","geometry":{"type":"Point","coordinates":[-71.326236,-29.497253]},"properties":{"id":"sim-0259","area":"totoralillo","sentiment":"concerned","topic":"health","text":["Dust near homes and outdoor work needs independent monitoring. The discussion needs to include effects over the full project life."],"role":["Caregiver"],"synthetic":true,"sample":259}},{"type":"Feature","id":"sim-0111","geometry":{"type":"Point","coordinates":[-71.465181,-29.242233]},"properties":{"id":"sim-0111","area":"choros","sentiment":"concerned","topic":"other","text":["Technical information arrives too late for people to influence the choices. Include smaller settlements when deciding how to respond."],"role":["Young resident"],"synthetic":true,"sample":111}},{"type":"Feature","id":"sim-0574","geometry":{"type":"Point","coordinates":[-71.072038,-29.424656]},"properties":{"id":"sim-0574","area":"negrillo","sentiment":"concerned","topic":"nature","text":["Noise and lighting could change how wildlife uses the coast. The discussion needs to include effects over the full project life."],"role":["Young resident"],"synthetic":true,"sample":574}},{"type":"Feature","id":"sim-0290","geometry":{"type":"Point","coordinates":[-71.326946,-29.492849]},"properties":{"id":"sim-0290","area":"totoralillo","sentiment":"neutral","topic":"livelihoods","text":["How would effects on existing businesses be measured over time? Keep the information accessible to people who cannot attend every meeting."],"role":["Rural household"],"synthetic":true,"sample":290}},{"type":"Feature","id":"sim-0015","geometry":{"type":"Point","coordinates":[-71.465953,-29.248704]},"properties":{"id":"sim-0015","area":"choros","sentiment":"hopeful","topic":"nature","text":["Community monitoring could build better knowledge of the coast. It would help to see who is responsible and when a response is due."],"role":["Young resident"],"synthetic":true,"sample":15}},{"type":"Feature","id":"sim-0474","geometry":{"type":"Point","coordinates":[-71.201234,-29.507956]},"properties":{"id":"sim-0474","area":"higuera","sentiment":"concerned","topic":"livelihoods","text":["Local contracts may be difficult for small suppliers to access. A simple public explanation would make this easier to follow."],"role":["Coastal household"],"synthetic":true,"sample":474}},{"type":"Feature","id":"sim-0524","geometry":{"type":"Point","coordinates":[-71.109267,-29.369812]},"properties":{"id":"sim-0524","area":"trapiche","sentiment":"concerned","topic":"health","text":["Heavy vehicle traffic could make daily journeys less safe. The discussion needs to include effects over the full project life."],"role":["Coastal household"],"synthetic":true,"sample":524}},{"type":"Feature","id":"sim-0419","geometry":{"type":"Point","coordinates":[-71.198236,-29.499051]},"properties":{"id":"sim-0419","area":"higuera","sentiment":"hopeful","topic":"water","text":["A reliable shared water supply could make daily life easier. Include smaller settlements when deciding how to respond."],"role":["Small supplier"],"synthetic":true,"sample":419}},{"type":"Feature","id":"sim-0426","geometry":{"type":"Point","coordinates":[-71.207085,-29.514761]},"properties":{"id":"sim-0426","area":"higuera","sentiment":"mixed","topic":"livelihoods","text":["New jobs would be welcome, but fishing and tourism also need a future. Please make the evidence easy to compare across seasons."],"role":["Coastal household"],"synthetic":true,"sample":426}},{"type":"Feature","id":"sim-0571","geometry":{"type":"Point","coordinates":[-71.101406,-29.372681]},"properties":{"id":"sim-0571","area":"trapiche","sentiment":"concerned","topic":"health","text":["Emergency response capacity needs to grow before construction begins. Show the assumptions as well as the expected benefits."],"role":["Tourism worker"],"synthetic":true,"sample":571}},{"type":"Feature","id":"sim-0181","geometry":{"type":"Point","coordinates":[-71.322459,-29.29413]},"properties":{"id":"sim-0181","area":"los-choros","sentiment":"concerned","topic":"water","text":["A water promise needs an enforceable delivery plan. Please make the evidence easy to compare across seasons."],"role":["Rural household"],"synthetic":true,"sample":181}},{"type":"Feature","id":"sim-0528","geometry":{"type":"Point","coordinates":[-71.119842,-29.382452]},"properties":{"id":"sim-0528","area":"trapiche","sentiment":"concerned","topic":"health","text":["Emergency response capacity needs to grow before construction begins. It would help to see who is responsible and when a response is due."],"role":["Caregiver"],"synthetic":true,"sample":528}},{"type":"Feature","id":"sim-0433","geometry":{"type":"Point","coordinates":[-71.227332,-29.509228]},"properties":{"id":"sim-0433","area":"higuera","sentiment":"mixed","topic":"health","text":["Construction timing matters as much as the final design for everyday life. Include smaller settlements when deciding how to respond."],"role":["Small supplier"],"synthetic":true,"sample":433}},{"type":"Feature","id":"sim-0311","geometry":{"type":"Point","coordinates":[-71.313641,-29.494648]},"properties":{"id":"sim-0311","area":"totoralillo","sentiment":"mixed","topic":"other","text":["There is room for dialogue, but people need evidence they can independently check. A simple public explanation would make this easier to follow."],"role":["Coastal household"],"synthetic":true,"sample":311}},{"type":"Feature","id":"sim-0511","geometry":{"type":"Point","coordinates":[-71.118586,-29.385989]},"properties":{"id":"sim-0511","area":"trapiche","sentiment":"concerned","topic":"health","text":["Heavy vehicle traffic could make daily journeys less safe. It would help to see who is responsible and when a response is due."],"role":["Community group"],"synthetic":true,"sample":511}},{"type":"Feature","id":"sim-0364","geometry":{"type":"Point","coordinates":[-71.217104,-29.510009]},"properties":{"id":"sim-0364","area":"higuera","sentiment":"hopeful","topic":"livelihoods","text":["Clear local purchasing rules could help small businesses participate. Please make the evidence easy to compare across seasons."],"role":["Rural household"],"synthetic":true,"sample":364}},{"type":"Feature","id":"sim-0479","geometry":{"type":"Point","coordinates":[-71.113977,-29.370908]},"properties":{"id":"sim-0479","area":"trapiche","sentiment":"concerned","topic":"water","text":["Smaller settlements could be left out of the water network. Please make the evidence easy to compare across seasons."],"role":["Rural household"],"synthetic":true,"sample":479}},{"type":"Feature","id":"sim-0615","geometry":{"type":"Point","coordinates":[-71.078484,-29.443342]},"properties":{"id":"sim-0615","area":"negrillo","sentiment":"mixed","topic":"nature","text":["Monitoring is useful, but it must lead to action when conditions change. It would help to see who is responsible and when a response is due."],"role":["Caregiver"],"synthetic":true,"sample":615}},{"type":"Feature","id":"sim-0092","geometry":{"type":"Point","coordinates":[-71.459515,-29.242824]},"properties":{"id":"sim-0092","area":"choros","sentiment":"concerned","topic":"nature","text":["A species map from one season cannot describe the whole year. A clear map would help us discuss this in the next workshop."],"role":["Tourism worker"],"synthetic":true,"sample":92}},{"type":"Feature","id":"sim-0135","geometry":{"type":"Point","coordinates":[-71.30189,-29.304599]},"properties":{"id":"sim-0135","area":"los-choros","sentiment":"mixed","topic":"livelihoods","text":["New jobs would be welcome, but fishing and tourism also need a future. A clear map would help us discuss this in the next workshop."],"role":["Rural household"],"synthetic":true,"sample":135}},{"type":"Feature","id":"sim-0395","geometry":{"type":"Point","coordinates":[-71.210283,-29.514731]},"properties":{"id":"sim-0395","area":"higuera","sentiment":"mixed","topic":"livelihoods","text":["New jobs would be welcome, but fishing and tourism also need a future. A clear map would help us discuss this in the next workshop."],"role":["Small supplier"],"synthetic":true,"sample":395}},{"type":"Feature","id":"sim-0099","geometry":{"type":"Point","coordinates":[-71.459301,-29.257359]},"properties":{"id":"sim-0099","area":"choros","sentiment":"mixed","topic":"nature","text":["Some impacts may be reduced; others may require a different location. This should be reviewed with the people who use the area regularly."],"role":["Rural household"],"synthetic":true,"sample":99}},{"type":"Feature","id":"sim-0477","geometry":{"type":"Point","coordinates":[-71.102571,-29.394709]},"properties":{"id":"sim-0477","area":"trapiche","sentiment":"mixed","topic":"other","text":["A project can bring benefits while leaving some households worse off. Please separate funded commitments from ideas still being discussed."],"role":["Local business"],"synthetic":true,"sample":477}},{"type":"Feature","id":"sim-0071","geometry":{"type":"Point","coordinates":[-71.456002,-29.251001]},"properties":{"id":"sim-0071","area":"choros","sentiment":"concerned","topic":"livelihoods","text":["A disruption during the fishing season would be hard for small businesses to absorb. Please make the evidence easy to compare across seasons."],"role":["Small supplier"],"synthetic":true,"sample":71}},{"type":"Feature","id":"sim-0109","geometry":{"type":"Point","coordinates":[-71.454791,-29.250303]},"properties":{"id":"sim-0109","area":"choros","sentiment":"concerned","topic":"livelihoods","text":["A disruption during the fishing season would be hard for small businesses to absorb. A simple public explanation would make this easier to follow."],"role":["Small supplier"],"synthetic":true,"sample":109}},{"type":"Feature","id":"sim-0177","geometry":{"type":"Point","coordinates":[-71.291438,-29.299448]},"properties":{"id":"sim-0177","area":"los-choros","sentiment":"concerned","topic":"water","text":["We need to understand how groundwater would be protected during a long drought. A clear map would help us discuss this in the next workshop."],"role":["Local business"],"synthetic":true,"sample":177}},{"type":"Feature","id":"sim-0509","geometry":{"type":"Point","coordinates":[-71.124313,-29.38025]},"properties":{"id":"sim-0509","area":"trapiche","sentiment":"hopeful","topic":"health","text":["Shared emergency equipment could improve response for nearby settlements. This should be reviewed with the people who use the area regularly."],"role":["Tourism worker"],"synthetic":true,"sample":509}},{"type":"Feature","id":"sim-0495","geometry":{"type":"Point","coordinates":[-71.122125,-29.376791]},"properties":{"id":"sim-0495","area":"trapiche","sentiment":"concerned","topic":"other","text":["There needs to be a clear consequence when a commitment is missed. Please make the evidence easy to compare across seasons."],"role":["Rural household"],"synthetic":true,"sample":495}},{"type":"Feature","id":"sim-0499","geometry":{"type":"Point","coordinates":[-71.119059,-29.376359]},"properties":{"id":"sim-0499","area":"trapiche","sentiment":"mixed","topic":"livelihoods","text":["Business opportunities matter alongside who carries the additional costs. Please make the evidence easy to compare across seasons."],"role":["Rural household"],"synthetic":true,"sample":499}},{"type":"Feature","id":"sim-0120","geometry":{"type":"Point","coordinates":[-71.456176,-29.241275]},"properties":{"id":"sim-0120","area":"choros","sentiment":"mixed","topic":"water","text":["A larger water system could help, if its operating costs stay affordable. We should revisit this when new measurements are available."],"role":["Young resident"],"synthetic":true,"sample":120}},{"type":"Feature","id":"sim-0456","geometry":{"type":"Point","coordinates":[-71.210515,-29.505881]},"properties":{"id":"sim-0456","area":"higuera","sentiment":"hopeful","topic":"livelihoods","text":["Clear local purchasing rules could help small businesses participate. It would help to see who is responsible and when a response is due."],"role":["Small supplier"],"synthetic":true,"sample":456}},{"type":"Feature","id":"sim-0591","geometry":{"type":"Point","coordinates":[-71.069994,-29.438037]},"properties":{"id":"sim-0591","area":"negrillo","sentiment":"neutral","topic":"health","text":["How would changes in demand for healthcare and transport be assessed? Include smaller settlements when deciding how to respond."],"role":["Community group"],"synthetic":true,"sample":591}},{"type":"Feature","id":"sim-0263","geometry":{"type":"Point","coordinates":[-71.328337,-29.49992]},"properties":{"id":"sim-0263","area":"totoralillo","sentiment":"concerned","topic":"water","text":["A water promise needs an enforceable delivery plan. It would help to see who is responsible and when a response is due."],"role":["Community group"],"synthetic":true,"sample":263}},{"type":"Feature","id":"sim-0363","geometry":{"type":"Point","coordinates":[-71.199643,-29.50189]},"properties":{"id":"sim-0363","area":"higuera","sentiment":"hopeful","topic":"livelihoods","text":["Training linked to real local jobs could create options for young people. A clear map would help us discuss this in the next workshop."],"role":["Rural household"],"synthetic":true,"sample":363}},{"type":"Feature","id":"sim-0086","geometry":{"type":"Point","coordinates":[-71.45389,-29.254853]},"properties":{"id":"sim-0086","area":"choros","sentiment":"hopeful","topic":"water","text":["Better storage and delivery infrastructure could help the wider community. Local knowledge could help identify what the technical map misses."],"role":["Tourism worker"],"synthetic":true,"sample":86}},{"type":"Feature","id":"sim-0405","geometry":{"type":"Point","coordinates":[-71.205592,-29.5087]},"properties":{"id":"sim-0405","area":"higuera","sentiment":"hopeful","topic":"livelihoods","text":["Long-term apprenticeships could build skills that last beyond one project. This should be reviewed with the people who use the area regularly."],"role":["Local business"],"synthetic":true,"sample":405}},{"type":"Feature","id":"sim-0235","geometry":{"type":"Point","coordinates":[-71.316423,-29.487896]},"properties":{"id":"sim-0235","area":"totoralillo","sentiment":"concerned","topic":"water","text":["Smaller settlements could be left out of the water network. The discussion needs to include effects over the full project life."],"role":["Young resident"],"synthetic":true,"sample":235}},{"type":"Feature","id":"sim-0029","geometry":{"type":"Point","coordinates":[-71.451562,-29.260189]},"properties":{"id":"sim-0029","area":"choros","sentiment":"mixed","topic":"livelihoods","text":["Business opportunities matter alongside who carries the additional costs. This should be reviewed with the people who use the area regularly."],"role":["Tourism worker"],"synthetic":true,"sample":29}},{"type":"Feature","id":"sim-0004","geometry":{"type":"Point","coordinates":[-71.463058,-29.263884]},"properties":{"id":"sim-0004","area":"choros","sentiment":"neutral","topic":"water","text":["Which parts of the water network are proposed, and which already exist? We should revisit this when new measurements are available."],"role":["Rural household"],"synthetic":true,"sample":4}},{"type":"Feature","id":"sim-0545","geometry":{"type":"Point","coordinates":[-71.107542,-29.37367]},"properties":{"id":"sim-0545","area":"trapiche","sentiment":"neutral","topic":"livelihoods","text":["What share of procurement would be open to locally owned businesses? A simple public explanation would make this easier to follow."],"role":["Rural household"],"synthetic":true,"sample":545}},{"type":"Feature","id":"sim-0487","geometry":{"type":"Point","coordinates":[-71.105593,-29.376411]},"properties":{"id":"sim-0487","area":"trapiche","sentiment":"neutral","topic":"livelihoods","text":["Which training opportunities would be available before hiring begins? Please make the evidence easy to compare across seasons."],"role":["Young resident"],"synthetic":true,"sample":487}},{"type":"Feature","id":"sim-0400","geometry":{"type":"Point","coordinates":[-71.201293,-29.499111]},"properties":{"id":"sim-0400","area":"higuera","sentiment":"mixed","topic":"other","text":["There is room for dialogue, but people need evidence they can independently check. Please make the evidence easy to compare across seasons."],"role":["Caregiver"],"synthetic":true,"sample":400}},{"type":"Feature","id":"sim-0352","geometry":{"type":"Point","coordinates":[-71.227236,-29.505638]},"properties":{"id":"sim-0352","area":"higuera","sentiment":"concerned","topic":"health","text":["Heavy vehicle traffic could make daily journeys less safe. A clear map would help us discuss this in the next workshop."],"role":["Rural household"],"synthetic":true,"sample":352}},{"type":"Feature","id":"sim-0463","geometry":{"type":"Point","coordinates":[-71.221532,-29.505042]},"properties":{"id":"sim-0463","area":"higuera","sentiment":"mixed","topic":"livelihoods","text":["Construction work could help families, but temporary jobs need a plan for what follows. A simple public explanation would make this easier to follow."],"role":["Coastal household"],"synthetic":true,"sample":463}},{"type":"Feature","id":"sim-0437","geometry":{"type":"Point","coordinates":[-71.205319,-29.506529]},"properties":{"id":"sim-0437","area":"higuera","sentiment":"mixed","topic":"other","text":["A project can bring benefits while leaving some households worse off. Show the assumptions as well as the expected benefits."],"role":["Rural household"],"synthetic":true,"sample":437}},{"type":"Feature","id":"sim-0256","geometry":{"type":"Point","coordinates":[-71.327642,-29.487925]},"properties":{"id":"sim-0256","area":"totoralillo","sentiment":"hopeful","topic":"nature","text":["Community monitoring could build better knowledge of the coast. This should be reviewed with the people who use the area regularly."],"role":["Small supplier"],"synthetic":true,"sample":256}},{"type":"Feature","id":"sim-0485","geometry":{"type":"Point","coordinates":[-71.111037,-29.367128]},"properties":{"id":"sim-0485","area":"trapiche","sentiment":"mixed","topic":"other","text":["The commitments sound promising, but responsibility for delivery needs to be clear. A clear map would help us discuss this in the next workshop."],"role":["Rural household"],"synthetic":true,"sample":485}},{"type":"Feature","id":"sim-0441","geometry":{"type":"Point","coordinates":[-71.213358,-29.510126]},"properties":{"id":"sim-0441","area":"higuera","sentiment":"concerned","topic":"health","text":["Heavy vehicle traffic could make daily journeys less safe. Include smaller settlements when deciding how to respond."],"role":["Community group"],"synthetic":true,"sample":441}},{"type":"Feature","id":"sim-0553","geometry":{"type":"Point","coordinates":[-71.115099,-29.384739]},"properties":{"id":"sim-0553","area":"trapiche","sentiment":"mixed","topic":"other","text":["There is room for dialogue, but people need evidence they can independently check. Show the assumptions as well as the expected benefits."],"role":["Community group"],"synthetic":true,"sample":553}},{"type":"Feature","id":"sim-0628","geometry":{"type":"Point","coordinates":[-71.071754,-29.435117]},"properties":{"id":"sim-0628","area":"negrillo","sentiment":"concerned","topic":"nature","text":["Noise and lighting could change how wildlife uses the coast. We should revisit this when new measurements are available."],"role":["Small supplier"],"synthetic":true,"sample":628}},{"type":"Feature","id":"sim-0631","geometry":{"type":"Point","coordinates":[-71.083145,-29.430203]},"properties":{"id":"sim-0631","area":"negrillo","sentiment":"concerned","topic":"health","text":["Emergency response capacity needs to grow before construction begins. The discussion needs to include effects over the full project life."],"role":["Young resident"],"synthetic":true,"sample":631}},{"type":"Feature","id":"sim-0526","geometry":{"type":"Point","coordinates":[-71.112843,-29.37128]},"properties":{"id":"sim-0526","area":"trapiche","sentiment":"hopeful","topic":"water","text":["Better storage and delivery infrastructure could help the wider community. This should be reviewed with the people who use the area regularly."],"role":["Rural household"],"synthetic":true,"sample":526}},{"type":"Feature","id":"sim-0481","geometry":{"type":"Point","coordinates":[-71.104376,-29.378744]},"properties":{"id":"sim-0481","area":"trapiche","sentiment":"concerned","topic":"livelihoods","text":["A disruption during the fishing season would be hard for small businesses to absorb. It would help to see who is responsible and when a response is due."],"role":["Tourism worker"],"synthetic":true,"sample":481}},{"type":"Feature","id":"sim-0497","geometry":{"type":"Point","coordinates":[-71.116488,-29.383769]},"properties":{"id":"sim-0497","area":"trapiche","sentiment":"concerned","topic":"water","text":["Smaller settlements could be left out of the water network. Local knowledge could help identify what the technical map misses."],"role":["Caregiver"],"synthetic":true,"sample":497}},{"type":"Feature","id":"sim-0124","geometry":{"type":"Point","coordinates":[-71.449781,-29.245373]},"properties":{"id":"sim-0124","area":"choros","sentiment":"concerned","topic":"nature","text":["A species map from one season cannot describe the whole year. The discussion needs to include effects over the full project life."],"role":["Coastal household"],"synthetic":true,"sample":124}},{"type":"Feature","id":"sim-0214","geometry":{"type":"Point","coordinates":[-71.300425,-29.301115]},"properties":{"id":"sim-0214","area":"los-choros","sentiment":"concerned","topic":"water","text":["Smaller settlements could be left out of the water network. Show the assumptions as well as the expected benefits."],"role":["Community group"],"synthetic":true,"sample":214}},{"type":"Feature","id":"sim-0322","geometry":{"type":"Point","coordinates":[-71.309666,-29.489792]},"properties":{"id":"sim-0322","area":"totoralillo","sentiment":"concerned","topic":"other","text":["Technical information arrives too late for people to influence the choices. Please make the evidence easy to compare across seasons."],"role":["Community group"],"synthetic":true,"sample":322}},{"type":"Feature","id":"sim-0595","geometry":{"type":"Point","coordinates":[-71.071218,-29.428977]},"properties":{"id":"sim-0595","area":"negrillo","sentiment":"hopeful","topic":"nature","text":["A shared habitat map could help everyone avoid sensitive areas. A clear map would help us discuss this in the next workshop."],"role":["Community group"],"synthetic":true,"sample":595}},{"type":"Feature","id":"sim-0142","geometry":{"type":"Point","coordinates":[-71.298113,-29.291746]},"properties":{"id":"sim-0142","area":"los-choros","sentiment":"concerned","topic":"water","text":["A water promise needs an enforceable delivery plan. We should revisit this when new measurements are available."],"role":["Rural household"],"synthetic":true,"sample":142}},{"type":"Feature","id":"sim-0421","geometry":{"type":"Point","coordinates":[-71.217947,-29.507295]},"properties":{"id":"sim-0421","area":"higuera","sentiment":"neutral","topic":"livelihoods","text":["How would effects on existing businesses be measured over time? Keep the information accessible to people who cannot attend every meeting."],"role":["Tourism worker"],"synthetic":true,"sample":421}},{"type":"Feature","id":"sim-0431","geometry":{"type":"Point","coordinates":[-71.20844,-29.500368]},"properties":{"id":"sim-0431","area":"higuera","sentiment":"mixed","topic":"other","text":["A project can bring benefits while leaving some households worse off. A simple public explanation would make this easier to follow."],"role":["Coastal household"],"synthetic":true,"sample":431}},{"type":"Feature","id":"sim-0048","geometry":{"type":"Point","coordinates":[-71.458554,-29.248996]},"properties":{"id":"sim-0048","area":"choros","sentiment":"concerned","topic":"water","text":["Smaller settlements could be left out of the water network. It would help to see who is responsible and when a response is due."],"role":["Young resident"],"synthetic":true,"sample":48}},{"type":"Feature","id":"sim-0003","geometry":{"type":"Point","coordinates":[-71.462747,-29.242204]},"properties":{"id":"sim-0003","area":"choros","sentiment":"concerned","topic":"livelihoods","text":["A disruption during the fishing season would be hard for small businesses to absorb. Please make the evidence easy to compare across seasons."],"role":["Community group"],"synthetic":true,"sample":3}},{"type":"Feature","id":"sim-0009","geometry":{"type":"Point","coordinates":[-71.45802,-29.245932]},"properties":{"id":"sim-0009","area":"choros","sentiment":"concerned","topic":"water","text":["A water promise needs an enforceable delivery plan. Please separate funded commitments from ideas still being discussed."],"role":["Small supplier"],"synthetic":true,"sample":9}},{"type":"Feature","id":"sim-0183","geometry":{"type":"Point","coordinates":[-71.307437,-29.288717]},"properties":{"id":"sim-0183","area":"los-choros","sentiment":"hopeful","topic":"water","text":["A reliable shared water supply could make daily life easier. A clear map would help us discuss this in the next workshop."],"role":["Tourism worker"],"synthetic":true,"sample":183}},{"type":"Feature","id":"sim-0089","geometry":{"type":"Point","coordinates":[-71.446475,-29.256427]},"properties":{"id":"sim-0089","area":"choros","sentiment":"concerned","topic":"water","text":["Smaller settlements could be left out of the water network. A simple public explanation would make this easier to follow."],"role":["Young resident"],"synthetic":true,"sample":89}},{"type":"Feature","id":"sim-0640","geometry":{"type":"Point","coordinates":[-71.078408,-29.441028]},"properties":{"id":"sim-0640","area":"negrillo","sentiment":"mixed","topic":"water","text":["A larger water system could help, if its operating costs stay affordable. It would help to see who is responsible and when a response is due."],"role":["Coastal household"],"synthetic":true,"sample":640}},{"type":"Feature","id":"sim-0116","geometry":{"type":"Point","coordinates":[-71.457243,-29.250087]},"properties":{"id":"sim-0116","area":"choros","sentiment":"mixed","topic":"nature","text":["Some impacts may be reduced; others may require a different location. The discussion needs to include effects over the full project life."],"role":["Community group"],"synthetic":true,"sample":116}},{"type":"Feature","id":"sim-0001","geometry":{"type":"Point","coordinates":[-71.44296,-29.251122]},"properties":{"id":"sim-0001","area":"choros","sentiment":"mixed","topic":"livelihoods","text":["Business opportunities matter alongside who carries the additional costs. Please make the evidence easy to compare across seasons."],"role":["Tourism worker"],"synthetic":true,"sample":1}},{"type":"Feature","id":"sim-0476","geometry":{"type":"Point","coordinates":[-71.203635,-29.510784]},"properties":{"id":"sim-0476","area":"higuera","sentiment":"concerned","topic":"health","text":["Emergency response capacity needs to grow before construction begins. Keep the information accessible to people who cannot attend every meeting."],"role":["Local business"],"synthetic":true,"sample":476}},{"type":"Feature","id":"sim-0278","geometry":{"type":"Point","coordinates":[-71.312428,-29.493504]},"properties":{"id":"sim-0278","area":"totoralillo","sentiment":"neutral","topic":"livelihoods","text":["What share of procurement would be open to locally owned businesses? Keep the information accessible to people who cannot attend every meeting."],"role":["Local business"],"synthetic":true,"sample":278}},{"type":"Feature","id":"sim-0227","geometry":{"type":"Point","coordinates":[-71.308835,-29.303829]},"properties":{"id":"sim-0227","area":"los-choros","sentiment":"mixed","topic":"other","text":["A project can bring benefits while leaving some households worse off. Show the assumptions as well as the expected benefits."],"role":["Community group"],"synthetic":true,"sample":227}},{"type":"Feature","id":"sim-0136","geometry":{"type":"Point","coordinates":[-71.294349,-29.300589]},"properties":{"id":"sim-0136","area":"los-choros","sentiment":"mixed","topic":"other","text":["A project can bring benefits while leaving some households worse off. It would help to see who is responsible and when a response is due."],"role":["Young resident"],"synthetic":true,"sample":136}},{"type":"Feature","id":"sim-0356","geometry":{"type":"Point","coordinates":[-71.2051,-29.507646]},"properties":{"id":"sim-0356","area":"higuera","sentiment":"mixed","topic":"livelihoods","text":["Construction work could help families, but temporary jobs need a plan for what follows. We should revisit this when new measurements are available."],"role":["Rural household"],"synthetic":true,"sample":356}},{"type":"Feature","id":"sim-0052","geometry":{"type":"Point","coordinates":[-71.46201,-29.263695]},"properties":{"id":"sim-0052","area":"choros","sentiment":"concerned","topic":"other","text":["There needs to be a clear consequence when a commitment is missed. The discussion needs to include effects over the full project life."],"role":["Small supplier"],"synthetic":true,"sample":52}},{"type":"Feature","id":"sim-0465","geometry":{"type":"Point","coordinates":[-71.200285,-29.495683]},"properties":{"id":"sim-0465","area":"higuera","sentiment":"hopeful","topic":"other","text":["Seeing different kinds of evidence on one map makes it easier to ask useful questions. It would help to see who is responsible and when a response is due."],"role":["Coastal household"],"synthetic":true,"sample":465}},{"type":"Feature","id":"sim-0257","geometry":{"type":"Point","coordinates":[-71.318051,-29.496544]},"properties":{"id":"sim-0257","area":"totoralillo","sentiment":"concerned","topic":"nature","text":["Marine life moves beyond the islands. Vessel routes need to reflect that. Please make the evidence easy to compare across seasons."],"role":["Rural household"],"synthetic":true,"sample":257}},{"type":"Feature","id":"sim-0577","geometry":{"type":"Point","coordinates":[-71.068101,-29.442512]},"properties":{"id":"sim-0577","area":"negrillo","sentiment":"mixed","topic":"nature","text":["Development and conservation may coexist, but only with clear ecological limits. We should revisit this when new measurements are available."],"role":["Local business"],"synthetic":true,"sample":577}},{"type":"Feature","id":"sim-0240","geometry":{"type":"Point","coordinates":[-71.312456,-29.496394]},"properties":{"id":"sim-0240","area":"totoralillo","sentiment":"neutral","topic":"nature","text":["Which monitoring results would trigger a change in operations? A clear map would help us discuss this in the next workshop."],"role":["Young resident"],"synthetic":true,"sample":240}},{"type":"Feature","id":"sim-0041","geometry":{"type":"Point","coordinates":[-71.457985,-29.257139]},"properties":{"id":"sim-0041","area":"choros","sentiment":"concerned","topic":"nature","text":["A species map from one season cannot describe the whole year. A simple public explanation would make this easier to follow."],"role":["Coastal household"],"synthetic":true,"sample":41}},{"type":"Feature","id":"sim-0354","geometry":{"type":"Point","coordinates":[-71.197861,-29.50476]},"properties":{"id":"sim-0354","area":"higuera","sentiment":"hopeful","topic":"water","text":["A reliable shared water supply could make daily life easier. Local knowledge could help identify what the technical map misses."],"role":["Small supplier"],"synthetic":true,"sample":354}},{"type":"Feature","id":"sim-0296","geometry":{"type":"Point","coordinates":[-71.319472,-29.491792]},"properties":{"id":"sim-0296","area":"totoralillo","sentiment":"concerned","topic":"water","text":["Smaller settlements could be left out of the water network. Include smaller settlements when deciding how to respond."],"role":["Local business"],"synthetic":true,"sample":296}},{"type":"Feature","id":"sim-0583","geometry":{"type":"Point","coordinates":[-71.075828,-29.423325]},"properties":{"id":"sim-0583","area":"negrillo","sentiment":"mixed","topic":"nature","text":["Monitoring is useful, but it must lead to action when conditions change. Keep the information accessible to people who cannot attend every meeting."],"role":["Caregiver"],"synthetic":true,"sample":583}},{"type":"Feature","id":"sim-0392","geometry":{"type":"Point","coordinates":[-71.192962,-29.509693]},"properties":{"id":"sim-0392","area":"higuera","sentiment":"hopeful","topic":"health","text":["Shared emergency equipment could improve response for nearby settlements. The discussion needs to include effects over the full project life."],"role":["Tourism worker"],"synthetic":true,"sample":392}},{"type":"Feature","id":"sim-0452","geometry":{"type":"Point","coordinates":[-71.204357,-29.496521]},"properties":{"id":"sim-0452","area":"higuera","sentiment":"concerned","topic":"livelihoods","text":["Local contracts may be difficult for small suppliers to access. A clear map would help us discuss this in the next workshop."],"role":["Rural household"],"synthetic":true,"sample":452}},{"type":"Feature","id":"sim-0492","geometry":{"type":"Point","coordinates":[-71.10985,-29.376793]},"properties":{"id":"sim-0492","area":"trapiche","sentiment":"hopeful","topic":"health","text":["Investment in local services could make the area more resilient. It would help to see who is responsible and when a response is due."],"role":["Local business"],"synthetic":true,"sample":492}},{"type":"Feature","id":"sim-0224","geometry":{"type":"Point","coordinates":[-71.309868,-29.301808]},"properties":{"id":"sim-0224","area":"los-choros","sentiment":"mixed","topic":"livelihoods","text":["Business opportunities matter alongside who carries the additional costs. Keep the information accessible to people who cannot attend every meeting."],"role":["Rural household"],"synthetic":true,"sample":224}},{"type":"Feature","id":"sim-0091","geometry":{"type":"Point","coordinates":[-71.455246,-29.254718]},"properties":{"id":"sim-0091","area":"choros","sentiment":"concerned","topic":"water","text":["Smaller settlements could be left out of the water network. We should revisit this when new measurements are available."],"role":["Coastal household"],"synthetic":true,"sample":91}},{"type":"Feature","id":"sim-0046","geometry":{"type":"Point","coordinates":[-71.446806,-29.247709]},"properties":{"id":"sim-0046","area":"choros","sentiment":"hopeful","topic":"livelihoods","text":["Training linked to real local jobs could create options for young people. It would help to see who is responsible and when a response is due."],"role":["Community group"],"synthetic":true,"sample":46}},{"type":"Feature","id":"sim-0306","geometry":{"type":"Point","coordinates":[-71.321859,-29.497479]},"properties":{"id":"sim-0306","area":"totoralillo","sentiment":"mixed","topic":"livelihoods","text":["New jobs would be welcome, but fishing and tourism also need a future. Include smaller settlements when deciding how to respond."],"role":["Small supplier"],"synthetic":true,"sample":306}},{"type":"Feature","id":"sim-0303","geometry":{"type":"Point","coordinates":[-71.315136,-29.492865]},"properties":{"id":"sim-0303","area":"totoralillo","sentiment":"concerned","topic":"other","text":["Technical information arrives too late for people to influence the choices. Keep the information accessible to people who cannot attend every meeting."],"role":["Coastal household"],"synthetic":true,"sample":303}},{"type":"Feature","id":"sim-0180","geometry":{"type":"Point","coordinates":[-71.290918,-29.298777]},"properties":{"id":"sim-0180","area":"los-choros","sentiment":"hopeful","topic":"water","text":["A reliable shared water supply could make daily life easier. Keep the information accessible to people who cannot attend every meeting."],"role":["Caregiver"],"synthetic":true,"sample":180}},{"type":"Feature","id":"sim-0410","geometry":{"type":"Point","coordinates":[-71.213654,-29.503425]},"properties":{"id":"sim-0410","area":"higuera","sentiment":"concerned","topic":"water","text":["We need to understand how groundwater would be protected during a long drought. Keep the information accessible to people who cannot attend every meeting."],"role":["Caregiver"],"synthetic":true,"sample":410}},{"type":"Feature","id":"sim-0464","geometry":{"type":"Point","coordinates":[-71.220528,-29.505096]},"properties":{"id":"sim-0464","area":"higuera","sentiment":"hopeful","topic":"livelihoods","text":["Long-term apprenticeships could build skills that last beyond one project. Include smaller settlements when deciding how to respond."],"role":["Young resident"],"synthetic":true,"sample":464}},{"type":"Feature","id":"sim-0174","geometry":{"type":"Point","coordinates":[-71.301546,-29.294391]},"properties":{"id":"sim-0174","area":"los-choros","sentiment":"concerned","topic":"health","text":["Emergency response capacity needs to grow before construction begins. A clear map would help us discuss this in the next workshop."],"role":["Young resident"],"synthetic":true,"sample":174}},{"type":"Feature","id":"sim-0358","geometry":{"type":"Point","coordinates":[-71.212324,-29.508897]},"properties":{"id":"sim-0358","area":"higuera","sentiment":"mixed","topic":"other","text":["The commitments sound promising, but responsibility for delivery needs to be clear. Keep the information accessible to people who cannot attend every meeting."],"role":["Small supplier"],"synthetic":true,"sample":358}},{"type":"Feature","id":"sim-0082","geometry":{"type":"Point","coordinates":[-71.460129,-29.250059]},"properties":{"id":"sim-0082","area":"choros","sentiment":"concerned","topic":"other","text":["There needs to be a clear consequence when a commitment is missed. Keep the information accessible to people who cannot attend every meeting."],"role":["Tourism worker"],"synthetic":true,"sample":82}},{"type":"Feature","id":"sim-0567","geometry":{"type":"Point","coordinates":[-71.09033,-29.386282]},"properties":{"id":"sim-0567","area":"trapiche","sentiment":"concerned","topic":"water","text":["Smaller settlements could be left out of the water network. The discussion needs to include effects over the full project life."],"role":["Small supplier"],"synthetic":true,"sample":567}},{"type":"Feature","id":"sim-0069","geometry":{"type":"Point","coordinates":[-71.454958,-29.249001]},"properties":{"id":"sim-0069","area":"choros","sentiment":"concerned","topic":"water","text":["A water promise needs an enforceable delivery plan. Please separate funded commitments from ideas still being discussed."],"role":["Caregiver"],"synthetic":true,"sample":69}},{"type":"Feature","id":"sim-0345","geometry":{"type":"Point","coordinates":[-71.208486,-29.504053]},"properties":{"id":"sim-0345","area":"higuera","sentiment":"mixed","topic":"health","text":["Road improvements would help, but additional traffic could offset those gains. We should revisit this when new measurements are available."],"role":["Tourism worker"],"synthetic":true,"sample":345}},{"type":"Feature","id":"sim-0614","geometry":{"type":"Point","coordinates":[-71.085521,-29.43712]},"properties":{"id":"sim-0614","area":"negrillo","sentiment":"mixed","topic":"other","text":["There is room for dialogue, but people need evidence they can independently check. Include smaller settlements when deciding how to respond."],"role":["Local business"],"synthetic":true,"sample":614}},{"type":"Feature","id":"sim-0215","geometry":{"type":"Point","coordinates":[-71.297734,-29.301489]},"properties":{"id":"sim-0215","area":"los-choros","sentiment":"mixed","topic":"health","text":["Road improvements would help, but additional traffic could offset those gains. The discussion needs to include effects over the full project life."],"role":["Tourism worker"],"synthetic":true,"sample":215}},{"type":"Feature","id":"sim-0199","geometry":{"type":"Point","coordinates":[-71.29273,-29.308708]},"properties":{"id":"sim-0199","area":"los-choros","sentiment":"concerned","topic":"water","text":["Smaller settlements could be left out of the water network. A clear map would help us discuss this in the next workshop."],"role":["Caregiver"],"synthetic":true,"sample":199}},{"type":"Feature","id":"sim-0223","geometry":{"type":"Point","coordinates":[-71.299984,-29.298917]},"properties":{"id":"sim-0223","area":"los-choros","sentiment":"concerned","topic":"other","text":["There needs to be a clear consequence when a commitment is missed. The discussion needs to include effects over the full project life."],"role":["Community group"],"synthetic":true,"sample":223}},{"type":"Feature","id":"sim-0324","geometry":{"type":"Point","coordinates":[-71.303515,-29.491136]},"properties":{"id":"sim-0324","area":"totoralillo","sentiment":"hopeful","topic":"other","text":["Seeing different kinds of evidence on one map makes it easier to ask useful questions. Please make the evidence easy to compare across seasons."],"role":["Community group"],"synthetic":true,"sample":324}},{"type":"Feature","id":"sim-0408","geometry":{"type":"Point","coordinates":[-71.207955,-29.500998]},"properties":{"id":"sim-0408","area":"higuera","sentiment":"mixed","topic":"livelihoods","text":["New jobs would be welcome, but fishing and tourism also need a future. Include smaller settlements when deciding how to respond."],"role":["Coastal household"],"synthetic":true,"sample":408}},{"type":"Feature","id":"sim-0289","geometry":{"type":"Point","coordinates":[-71.317954,-29.492892]},"properties":{"id":"sim-0289","area":"totoralillo","sentiment":"concerned","topic":"other","text":["Technical information arrives too late for people to influence the choices. Local knowledge could help identify what the technical map misses."],"role":["Local business"],"synthetic":true,"sample":289}},{"type":"Feature","id":"sim-0197","geometry":{"type":"Point","coordinates":[-71.285066,-29.295949]},"properties":{"id":"sim-0197","area":"los-choros","sentiment":"neutral","topic":"other","text":["How can a community suggestion become a visible change in the plan? We should revisit this when new measurements are available."],"role":["Coastal household"],"synthetic":true,"sample":197}},{"type":"Feature","id":"sim-0590","geometry":{"type":"Point","coordinates":[-71.076832,-29.439815]},"properties":{"id":"sim-0590","area":"negrillo","sentiment":"concerned","topic":"water","text":["We need to understand how groundwater would be protected during a long drought. It would help to see who is responsible and when a response is due."],"role":["Rural household"],"synthetic":true,"sample":590}},{"type":"Feature","id":"sim-0600","geometry":{"type":"Point","coordinates":[-71.083526,-29.444529]},"properties":{"id":"sim-0600","area":"negrillo","sentiment":"concerned","topic":"water","text":["We need to understand how groundwater would be protected during a long drought. It would help to see who is responsible and when a response is due."],"role":["Coastal household"],"synthetic":true,"sample":600}},{"type":"Feature","id":"sim-0039","geometry":{"type":"Point","coordinates":[-71.446964,-29.253073]},"properties":{"id":"sim-0039","area":"choros","sentiment":"mixed","topic":"water","text":["Additional water sounds useful, but the allocation rules still matter. We should revisit this when new measurements are available."],"role":["Tourism worker"],"synthetic":true,"sample":39}},{"type":"Feature","id":"sim-0543","geometry":{"type":"Point","coordinates":[-71.106647,-29.380703]},"properties":{"id":"sim-0543","area":"trapiche","sentiment":"concerned","topic":"health","text":["Heavy vehicle traffic could make daily journeys less safe. Please make the evidence easy to compare across seasons."],"role":["Tourism worker"],"synthetic":true,"sample":543}},{"type":"Feature","id":"sim-0471","geometry":{"type":"Point","coordinates":[-71.210569,-29.504081]},"properties":{"id":"sim-0471","area":"higuera","sentiment":"mixed","topic":"livelihoods","text":["New jobs would be welcome, but fishing and tourism also need a future. It would help to see who is responsible and when a response is due."],"role":["Tourism worker"],"synthetic":true,"sample":471}},{"type":"Feature","id":"sim-0170","geometry":{"type":"Point","coordinates":[-71.290971,-29.297966]},"properties":{"id":"sim-0170","area":"los-choros","sentiment":"hopeful","topic":"other","text":["A regular community forum could help concerns be addressed earlier. A clear map would help us discuss this in the next workshop."],"role":["Small supplier"],"synthetic":true,"sample":170}},{"type":"Feature","id":"sim-0513","geometry":{"type":"Point","coordinates":[-71.12039,-29.364449]},"properties":{"id":"sim-0513","area":"trapiche","sentiment":"concerned","topic":"water","text":["We need to understand how groundwater would be protected during a long drought. This should be reviewed with the people who use the area regularly."],"role":["Coastal household"],"synthetic":true,"sample":513}},{"type":"Feature","id":"sim-0307","geometry":{"type":"Point","coordinates":[-71.330155,-29.493708]},"properties":{"id":"sim-0307","area":"totoralillo","sentiment":"concerned","topic":"livelihoods","text":["The cost of living could rise before local families see new income. A clear map would help us discuss this in the next workshop."],"role":["Young resident"],"synthetic":true,"sample":307}},{"type":"Feature","id":"sim-0573","geometry":{"type":"Point","coordinates":[-71.081517,-29.434394]},"properties":{"id":"sim-0573","area":"negrillo","sentiment":"concerned","topic":"water","text":["Smaller settlements could be left out of the water network. It would help to see who is responsible and when a response is due."],"role":["Tourism worker"],"synthetic":true,"sample":573}},{"type":"Feature","id":"sim-0501","geometry":{"type":"Point","coordinates":[-71.117166,-29.378775]},"properties":{"id":"sim-0501","area":"trapiche","sentiment":"hopeful","topic":"health","text":["Investment in local services could make the area more resilient. The discussion needs to include effects over the full project life."],"role":["Caregiver"],"synthetic":true,"sample":501}},{"type":"Feature","id":"sim-0171","geometry":{"type":"Point","coordinates":[-71.291396,-29.306678]},"properties":{"id":"sim-0171","area":"los-choros","sentiment":"mixed","topic":"other","text":["The commitments sound promising, but responsibility for delivery needs to be clear. Show the assumptions as well as the expected benefits."],"role":["Caregiver"],"synthetic":true,"sample":171}},{"type":"Feature","id":"sim-0530","geometry":{"type":"Point","coordinates":[-71.116,-29.375947]},"properties":{"id":"sim-0530","area":"trapiche","sentiment":"mixed","topic":"other","text":["A project can bring benefits while leaving some households worse off. Please make the evidence easy to compare across seasons."],"role":["Small supplier"],"synthetic":true,"sample":530}},{"type":"Feature","id":"sim-0537","geometry":{"type":"Point","coordinates":[-71.106707,-29.377978]},"properties":{"id":"sim-0537","area":"trapiche","sentiment":"hopeful","topic":"water","text":["Community-led water monitoring could turn a promise into something we can track. This should be reviewed with the people who use the area regularly."],"role":["Tourism worker"],"synthetic":true,"sample":537}},{"type":"Feature","id":"sim-0080","geometry":{"type":"Point","coordinates":[-71.456211,-29.241696]},"properties":{"id":"sim-0080","area":"choros","sentiment":"mixed","topic":"nature","text":["Monitoring is useful, but it must lead to action when conditions change. This should be reviewed with the people who use the area regularly."],"role":["Small supplier"],"synthetic":true,"sample":80}},{"type":"Feature","id":"sim-0502","geometry":{"type":"Point","coordinates":[-71.119413,-29.379833]},"properties":{"id":"sim-0502","area":"trapiche","sentiment":"concerned","topic":"water","text":["We need to understand how groundwater would be protected during a long drought. Show the assumptions as well as the expected benefits."],"role":["Small supplier"],"synthetic":true,"sample":502}},{"type":"Feature","id":"sim-0521","geometry":{"type":"Point","coordinates":[-71.109442,-29.374364]},"properties":{"id":"sim-0521","area":"trapiche","sentiment":"hopeful","topic":"health","text":["Safer roads and a reliable shuttle could benefit everyday travel. Local knowledge could help identify what the technical map misses."],"role":["Caregiver"],"synthetic":true,"sample":521}},{"type":"Feature","id":"sim-0237","geometry":{"type":"Point","coordinates":[-71.319296,-29.490546]},"properties":{"id":"sim-0237","area":"totoralillo","sentiment":"neutral","topic":"nature","text":["How are coastal activities and habitat connections represented together? We should revisit this when new measurements are available."],"role":["Community group"],"synthetic":true,"sample":237}},{"type":"Feature","id":"sim-0161","geometry":{"type":"Point","coordinates":[-71.289233,-29.300337]},"properties":{"id":"sim-0161","area":"los-choros","sentiment":"mixed","topic":"health","text":["Construction timing matters as much as the final design for everyday life. This should be reviewed with the people who use the area regularly."],"role":["Rural household"],"synthetic":true,"sample":161}},{"type":"Feature","id":"sim-0444","geometry":{"type":"Point","coordinates":[-71.216153,-29.509902]},"properties":{"id":"sim-0444","area":"higuera","sentiment":"hopeful","topic":"livelihoods","text":["Long-term apprenticeships could build skills that last beyond one project. Show the assumptions as well as the expected benefits."],"role":["Local business"],"synthetic":true,"sample":444}},{"type":"Feature","id":"sim-0248","geometry":{"type":"Point","coordinates":[-71.326949,-29.502443]},"properties":{"id":"sim-0248","area":"totoralillo","sentiment":"neutral","topic":"livelihoods","text":["What share of procurement would be open to locally owned businesses? Keep the information accessible to people who cannot attend every meeting."],"role":["Small supplier"],"synthetic":true,"sample":248}},{"type":"Feature","id":"sim-0114","geometry":{"type":"Point","coordinates":[-71.465181,-29.250174]},"properties":{"id":"sim-0114","area":"choros","sentiment":"concerned","topic":"other","text":["There needs to be a clear consequence when a commitment is missed. It would help to see who is responsible and when a response is due."],"role":["Local business"],"synthetic":true,"sample":114}},{"type":"Feature","id":"sim-0404","geometry":{"type":"Point","coordinates":[-71.205481,-29.502461]},"properties":{"id":"sim-0404","area":"higuera","sentiment":"hopeful","topic":"livelihoods","text":["Clear local purchasing rules could help small businesses participate. Show the assumptions as well as the expected benefits."],"role":["Caregiver"],"synthetic":true,"sample":404}},{"type":"Feature","id":"sim-0121","geometry":{"type":"Point","coordinates":[-71.444673,-29.244189]},"properties":{"id":"sim-0121","area":"choros","sentiment":"concerned","topic":"livelihoods","text":["Local contracts may be difficult for small suppliers to access. Include smaller settlements when deciding how to respond."],"role":["Tourism worker"],"synthetic":true,"sample":121}},{"type":"Feature","id":"sim-0207","geometry":{"type":"Point","coordinates":[-71.298806,-29.30012]},"properties":{"id":"sim-0207","area":"los-choros","sentiment":"mixed","topic":"water","text":["Additional water sounds useful, but the allocation rules still matter. A clear map would help us discuss this in the next workshop."],"role":["Young resident"],"synthetic":true,"sample":207}},{"type":"Feature","id":"sim-0062","geometry":{"type":"Point","coordinates":[-71.452394,-29.242989]},"properties":{"id":"sim-0062","area":"choros","sentiment":"concerned","topic":"nature","text":["Marine life moves beyond the islands. Vessel routes need to reflect that. Please make the evidence easy to compare across seasons."],"role":["Young resident"],"synthetic":true,"sample":62}},{"type":"Feature","id":"sim-0219","geometry":{"type":"Point","coordinates":[-71.280498,-29.29836]},"properties":{"id":"sim-0219","area":"los-choros","sentiment":"hopeful","topic":"other","text":["A regular community forum could help concerns be addressed earlier. Local knowledge could help identify what the technical map misses."],"role":["Young resident"],"synthetic":true,"sample":219}},{"type":"Feature","id":"sim-0308","geometry":{"type":"Point","coordinates":[-71.323142,-29.493415]},"properties":{"id":"sim-0308","area":"totoralillo","sentiment":"concerned","topic":"livelihoods","text":["A disruption during the fishing season would be hard for small businesses to absorb. A simple public explanation would make this easier to follow."],"role":["Community group"],"synthetic":true,"sample":308}},{"type":"Feature","id":"sim-0247","geometry":{"type":"Point","coordinates":[-71.330062,-29.502847]},"properties":{"id":"sim-0247","area":"totoralillo","sentiment":"concerned","topic":"other","text":["Public meetings are difficult to attend when they overlap with working hours. A simple public explanation would make this easier to follow."],"role":["Young resident"],"synthetic":true,"sample":247}},{"type":"Feature","id":"sim-0260","geometry":{"type":"Point","coordinates":[-71.314567,-29.505322]},"properties":{"id":"sim-0260","area":"totoralillo","sentiment":"mixed","topic":"health","text":["Construction timing matters as much as the final design for everyday life. Keep the information accessible to people who cannot attend every meeting."],"role":["Community group"],"synthetic":true,"sample":260}},{"type":"Feature","id":"sim-0316","geometry":{"type":"Point","coordinates":[-71.3187,-29.495946]},"properties":{"id":"sim-0316","area":"totoralillo","sentiment":"concerned","topic":"livelihoods","text":["The cost of living could rise before local families see new income. Show the assumptions as well as the expected benefits."],"role":["Caregiver"],"synthetic":true,"sample":316}},{"type":"Feature","id":"sim-0019","geometry":{"type":"Point","coordinates":[-71.465679,-29.251029]},"properties":{"id":"sim-0019","area":"choros","sentiment":"mixed","topic":"water","text":["Additional water sounds useful, but the allocation rules still matter. A simple public explanation would make this easier to follow."],"role":["Coastal household"],"synthetic":true,"sample":19}},{"type":"Feature","id":"sim-0184","geometry":{"type":"Point","coordinates":[-71.311224,-29.30135]},"properties":{"id":"sim-0184","area":"los-choros","sentiment":"hopeful","topic":"water","text":["Community-led water monitoring could turn a promise into something we can track. Keep the information accessible to people who cannot attend every meeting."],"role":["Community group"],"synthetic":true,"sample":184}},{"type":"Feature","id":"sim-0399","geometry":{"type":"Point","coordinates":[-71.22079,-29.503542]},"properties":{"id":"sim-0399","area":"higuera","sentiment":"hopeful","topic":"health","text":["Shared emergency equipment could improve response for nearby settlements. Show the assumptions as well as the expected benefits."],"role":["Young resident"],"synthetic":true,"sample":399}},{"type":"Feature","id":"sim-0186","geometry":{"type":"Point","coordinates":[-71.298109,-29.300553]},"properties":{"id":"sim-0186","area":"los-choros","sentiment":"neutral","topic":"water","text":["Which parts of the water network are proposed, and which already exist? We should revisit this when new measurements are available."],"role":["Community group"],"synthetic":true,"sample":186}},{"type":"Feature","id":"sim-0297","geometry":{"type":"Point","coordinates":[-71.323962,-29.502926]},"properties":{"id":"sim-0297","area":"totoralillo","sentiment":"mixed","topic":"nature","text":["Monitoring is useful, but it must lead to action when conditions change. Keep the information accessible to people who cannot attend every meeting."],"role":["Young resident"],"synthetic":true,"sample":297}},{"type":"Feature","id":"sim-0582","geometry":{"type":"Point","coordinates":[-71.081664,-29.440459]},"properties":{"id":"sim-0582","area":"negrillo","sentiment":"mixed","topic":"water","text":["Desalination could help households, while creating questions about marine effects. Show the assumptions as well as the expected benefits."],"role":["Rural household"],"synthetic":true,"sample":582}},{"type":"Feature","id":"sim-0447","geometry":{"type":"Point","coordinates":[-71.219712,-29.510602]},"properties":{"id":"sim-0447","area":"higuera","sentiment":"hopeful","topic":"health","text":["Investment in local services could make the area more resilient. A simple public explanation would make this easier to follow."],"role":["Rural household"],"synthetic":true,"sample":447}},{"type":"Feature","id":"sim-0609","geometry":{"type":"Point","coordinates":[-71.073297,-29.443799]},"properties":{"id":"sim-0609","area":"negrillo","sentiment":"hopeful","topic":"nature","text":["Restoration work could support local skills and long-term ecological care. Local knowledge could help identify what the technical map misses."],"role":["Tourism worker"],"synthetic":true,"sample":609}},{"type":"Feature","id":"sim-0318","geometry":{"type":"Point","coordinates":[-71.314031,-29.494834]},"properties":{"id":"sim-0318","area":"totoralillo","sentiment":"concerned","topic":"livelihoods","text":["Local contracts may be difficult for small suppliers to access. Please separate funded commitments from ideas still being discussed."],"role":["Caregiver"],"synthetic":true,"sample":318}},{"type":"Feature","id":"sim-0435","geometry":{"type":"Point","coordinates":[-71.215499,-29.488483]},"properties":{"id":"sim-0435","area":"higuera","sentiment":"hopeful","topic":"livelihoods","text":["Training linked to real local jobs could create options for young people. We should revisit this when new measurements are available."],"role":["Caregiver"],"synthetic":true,"sample":435}},{"type":"Feature","id":"sim-0610","geometry":{"type":"Point","coordinates":[-71.081974,-29.438345]},"properties":{"id":"sim-0610","area":"negrillo","sentiment":"concerned","topic":"other","text":["Technical information arrives too late for people to influence the choices. A simple public explanation would make this easier to follow."],"role":["Young resident"],"synthetic":true,"sample":610}},{"type":"Feature","id":"sim-0384","geometry":{"type":"Point","coordinates":[-71.20547,-29.492625]},"properties":{"id":"sim-0384","area":"higuera","sentiment":"concerned","topic":"health","text":["Heavy vehicle traffic could make daily journeys less safe. Keep the information accessible to people who cannot attend every meeting."],"role":["Local business"],"synthetic":true,"sample":384}},{"type":"Feature","id":"sim-0213","geometry":{"type":"Point","coordinates":[-71.295654,-29.305617]},"properties":{"id":"sim-0213","area":"los-choros","sentiment":"concerned","topic":"health","text":["Heavy vehicle traffic could make daily journeys less safe. Show the assumptions as well as the expected benefits."],"role":["Rural household"],"synthetic":true,"sample":213}},{"type":"Feature","id":"sim-0518","geometry":{"type":"Point","coordinates":[-71.103787,-29.383389]},"properties":{"id":"sim-0518","area":"trapiche","sentiment":"concerned","topic":"water","text":["We need to understand how groundwater would be protected during a long drought. Show the assumptions as well as the expected benefits."],"role":["Small supplier"],"synthetic":true,"sample":518}},{"type":"Feature","id":"sim-0383","geometry":{"type":"Point","coordinates":[-71.218197,-29.505592]},"properties":{"id":"sim-0383","area":"higuera","sentiment":"hopeful","topic":"livelihoods","text":["Training linked to real local jobs could create options for young people. Include smaller settlements when deciding how to respond."],"role":["Caregiver"],"synthetic":true,"sample":383}},{"type":"Feature","id":"sim-0576","geometry":{"type":"Point","coordinates":[-71.080585,-29.430024]},"properties":{"id":"sim-0576","area":"negrillo","sentiment":"mixed","topic":"nature","text":["Some impacts may be reduced; others may require a different location. Show the assumptions as well as the expected benefits."],"role":["Community group"],"synthetic":true,"sample":576}},{"type":"Feature","id":"sim-0556","geometry":{"type":"Point","coordinates":[-71.106921,-29.375829]},"properties":{"id":"sim-0556","area":"trapiche","sentiment":"neutral","topic":"other","text":["Which decisions are still open to change through this process? A clear map would help us discuss this in the next workshop."],"role":["Caregiver"],"synthetic":true,"sample":556}},{"type":"Feature","id":"sim-0040","geometry":{"type":"Point","coordinates":[-71.459637,-29.24725]},"properties":{"id":"sim-0040","area":"choros","sentiment":"concerned","topic":"other","text":["Technical information arrives too late for people to influence the choices. Show the assumptions as well as the expected benefits."],"role":["Caregiver"],"synthetic":true,"sample":40}},{"type":"Feature","id":"sim-0355","geometry":{"type":"Point","coordinates":[-71.206535,-29.504227]},"properties":{"id":"sim-0355","area":"higuera","sentiment":"concerned","topic":"livelihoods","text":["The cost of living could rise before local families see new income. This should be reviewed with the people who use the area regularly."],"role":["Small supplier"],"synthetic":true,"sample":355}},{"type":"Feature","id":"sim-0414","geometry":{"type":"Point","coordinates":[-71.214524,-29.502233]},"properties":{"id":"sim-0414","area":"higuera","sentiment":"hopeful","topic":"health","text":["Safer roads and a reliable shuttle could benefit everyday travel. This should be reviewed with the people who use the area regularly."],"role":["Small supplier"],"synthetic":true,"sample":414}},{"type":"Feature","id":"sim-0422","geometry":{"type":"Point","coordinates":[-71.21043,-29.509042]},"properties":{"id":"sim-0422","area":"higuera","sentiment":"mixed","topic":"other","text":["The commitments sound promising, but responsibility for delivery needs to be clear. We should revisit this when new measurements are available."],"role":["Small supplier"],"synthetic":true,"sample":422}},{"type":"Feature","id":"sim-0529","geometry":{"type":"Point","coordinates":[-71.109971,-29.377653]},"properties":{"id":"sim-0529","area":"trapiche","sentiment":"neutral","topic":"health","text":["Where would the nearest independent dust and noise monitoring points be? Show the assumptions as well as the expected benefits."],"role":["Coastal household"],"synthetic":true,"sample":529}},{"type":"Feature","id":"sim-0143","geometry":{"type":"Point","coordinates":[-71.311016,-29.288329]},"properties":{"id":"sim-0143","area":"los-choros","sentiment":"concerned","topic":"water","text":["Smaller settlements could be left out of the water network. It would help to see who is responsible and when a response is due."],"role":["Community group"],"synthetic":true,"sample":143}},{"type":"Feature","id":"sim-0423","geometry":{"type":"Point","coordinates":[-71.222525,-29.495574]},"properties":{"id":"sim-0423","area":"higuera","sentiment":"hopeful","topic":"livelihoods","text":["Long-term apprenticeships could build skills that last beyond one project. A clear map would help us discuss this in the next workshop."],"role":["Caregiver"],"synthetic":true,"sample":423}},{"type":"Feature","id":"sim-0241","geometry":{"type":"Point","coordinates":[-71.303329,-29.49396]},"properties":{"id":"sim-0241","area":"totoralillo","sentiment":"concerned","topic":"nature","text":["Noise and lighting could change how wildlife uses the coast. Please make the evidence easy to compare across seasons."],"role":["Coastal household"],"synthetic":true,"sample":241}},{"type":"Feature","id":"sim-0067","geometry":{"type":"Point","coordinates":[-71.452926,-29.254529]},"properties":{"id":"sim-0067","area":"choros","sentiment":"concerned","topic":"nature","text":["Noise and lighting could change how wildlife uses the coast. Include smaller settlements when deciding how to respond."],"role":["Young resident"],"synthetic":true,"sample":67}},{"type":"Feature","id":"sim-0548","geometry":{"type":"Point","coordinates":[-71.115733,-29.373239]},"properties":{"id":"sim-0548","area":"trapiche","sentiment":"concerned","topic":"other","text":["Technical information arrives too late for people to influence the choices. Keep the information accessible to people who cannot attend every meeting."],"role":["Community group"],"synthetic":true,"sample":548}},{"type":"Feature","id":"sim-0466","geometry":{"type":"Point","coordinates":[-71.216972,-29.509763]},"properties":{"id":"sim-0466","area":"higuera","sentiment":"concerned","topic":"water","text":["A water promise needs an enforceable delivery plan. A simple public explanation would make this easier to follow."],"role":["Tourism worker"],"synthetic":true,"sample":466}},{"type":"Feature","id":"sim-0267","geometry":{"type":"Point","coordinates":[-71.309807,-29.490848]},"properties":{"id":"sim-0267","area":"totoralillo","sentiment":"concerned","topic":"other","text":["Technical information arrives too late for people to influence the choices. Please make the evidence easy to compare across seasons."],"role":["Tourism worker"],"synthetic":true,"sample":267}},{"type":"Feature","id":"sim-0274","geometry":{"type":"Point","coordinates":[-71.324962,-29.495265]},"properties":{"id":"sim-0274","area":"totoralillo","sentiment":"hopeful","topic":"water","text":["A reliable shared water supply could make daily life easier. This should be reviewed with the people who use the area regularly."],"role":["Coastal household"],"synthetic":true,"sample":274}},{"type":"Feature","id":"sim-0118","geometry":{"type":"Point","coordinates":[-71.458727,-29.259357]},"properties":{"id":"sim-0118","area":"choros","sentiment":"concerned","topic":"livelihoods","text":["The cost of living could rise before local families see new income. Include smaller settlements when deciding how to respond."],"role":["Small supplier"],"synthetic":true,"sample":118}},{"type":"Feature","id":"sim-0409","geometry":{"type":"Point","coordinates":[-71.215878,-29.507149]},"properties":{"id":"sim-0409","area":"higuera","sentiment":"mixed","topic":"other","text":["The commitments sound promising, but responsibility for delivery needs to be clear. This should be reviewed with the people who use the area regularly."],"role":["Coastal household"],"synthetic":true,"sample":409}},{"type":"Feature","id":"sim-0167","geometry":{"type":"Point","coordinates":[-71.301686,-29.295525]},"properties":{"id":"sim-0167","area":"los-choros","sentiment":"concerned","topic":"water","text":["A water promise needs an enforceable delivery plan. Please separate funded commitments from ideas still being discussed."],"role":["Young resident"],"synthetic":true,"sample":167}},{"type":"Feature","id":"sim-0016","geometry":{"type":"Point","coordinates":[-71.45793,-29.249303]},"properties":{"id":"sim-0016","area":"choros","sentiment":"mixed","topic":"nature","text":["Monitoring is useful, but it must lead to action when conditions change. This should be reviewed with the people who use the area regularly."],"role":["Rural household"],"synthetic":true,"sample":16}},{"type":"Feature","id":"sim-0238","geometry":{"type":"Point","coordinates":[-71.327554,-29.498603]},"properties":{"id":"sim-0238","area":"totoralillo","sentiment":"neutral","topic":"other","text":["Which decisions are still open to change through this process? Keep the information accessible to people who cannot attend every meeting."],"role":["Community group"],"synthetic":true,"sample":238}},{"type":"Feature","id":"sim-0002","geometry":{"type":"Point","coordinates":[-71.462478,-29.252613]},"properties":{"id":"sim-0002","area":"choros","sentiment":"mixed","topic":"nature","text":["Some impacts may be reduced; others may require a different location. A clear map would help us discuss this in the next workshop."],"role":["Tourism worker"],"synthetic":true,"sample":2}},{"type":"Feature","id":"sim-0123","geometry":{"type":"Point","coordinates":[-71.464106,-29.250837]},"properties":{"id":"sim-0123","area":"choros","sentiment":"concerned","topic":"livelihoods","text":["Local contracts may be difficult for small suppliers to access. This should be reviewed with the people who use the area regularly."],"role":["Young resident"],"synthetic":true,"sample":123}},{"type":"Feature","id":"sim-0525","geometry":{"type":"Point","coordinates":[-71.11738,-29.384058]},"properties":{"id":"sim-0525","area":"trapiche","sentiment":"mixed","topic":"water","text":["Additional water sounds useful, but the allocation rules still matter. Keep the information accessible to people who cannot attend every meeting."],"role":["Local business"],"synthetic":true,"sample":525}},{"type":"Feature","id":"sim-0138","geometry":{"type":"Point","coordinates":[-71.29871,-29.298409]},"properties":{"id":"sim-0138","area":"los-choros","sentiment":"mixed","topic":"livelihoods","text":["Construction work could help families, but temporary jobs need a plan for what follows. Include smaller settlements when deciding how to respond."],"role":["Local business"],"synthetic":true,"sample":138}},{"type":"Feature","id":"sim-0570","geometry":{"type":"Point","coordinates":[-71.122292,-29.379693]},"properties":{"id":"sim-0570","area":"trapiche","sentiment":"hopeful","topic":"health","text":["Safer roads and a reliable shuttle could benefit everyday travel. Keep the information accessible to people who cannot attend every meeting."],"role":["Coastal household"],"synthetic":true,"sample":570}},{"type":"Feature","id":"sim-0034","geometry":{"type":"Point","coordinates":[-71.464044,-29.261341]},"properties":{"id":"sim-0034","area":"choros","sentiment":"hopeful","topic":"water","text":["Community-led water monitoring could turn a promise into something we can track. We should revisit this when new measurements are available."],"role":["Caregiver"],"synthetic":true,"sample":34}},{"type":"Feature","id":"sim-0151","geometry":{"type":"Point","coordinates":[-71.285733,-29.312819]},"properties":{"id":"sim-0151","area":"los-choros","sentiment":"mixed","topic":"other","text":["The commitments sound promising, but responsibility for delivery needs to be clear. A clear map would help us discuss this in the next workshop."],"role":["Small supplier"],"synthetic":true,"sample":151}},{"type":"Feature","id":"sim-0457","geometry":{"type":"Point","coordinates":[-71.20549,-29.49701]},"properties":{"id":"sim-0457","area":"higuera","sentiment":"hopeful","topic":"health","text":["Investment in local services could make the area more resilient. A simple public explanation would make this easier to follow."],"role":["Tourism worker"],"synthetic":true,"sample":457}},{"type":"Feature","id":"sim-0319","geometry":{"type":"Point","coordinates":[-71.312631,-29.490759]},"properties":{"id":"sim-0319","area":"totoralillo","sentiment":"hopeful","topic":"nature","text":["Restoration work could support local skills and long-term ecological care. This should be reviewed with the people who use the area regularly."],"role":["Rural household"],"synthetic":true,"sample":319}},{"type":"Feature","id":"sim-0258","geometry":{"type":"Point","coordinates":[-71.304428,-29.496973]},"properties":{"id":"sim-0258","area":"totoralillo","sentiment":"mixed","topic":"health","text":["Construction timing matters as much as the final design for everyday life. This should be reviewed with the people who use the area regularly."],"role":["Coastal household"],"synthetic":true,"sample":258}},{"type":"Feature","id":"sim-0208","geometry":{"type":"Point","coordinates":[-71.299599,-29.309445]},"properties":{"id":"sim-0208","area":"los-choros","sentiment":"hopeful","topic":"water","text":["Community-led water monitoring could turn a promise into something we can track. Show the assumptions as well as the expected benefits."],"role":["Local business"],"synthetic":true,"sample":208}},{"type":"Feature","id":"sim-0119","geometry":{"type":"Point","coordinates":[-71.457595,-29.259342]},"properties":{"id":"sim-0119","area":"choros","sentiment":"concerned","topic":"livelihoods","text":["A disruption during the fishing season would be hard for small businesses to absorb. Please separate funded commitments from ideas still being discussed."],"role":["Young resident"],"synthetic":true,"sample":119}},{"type":"Feature","id":"sim-0575","geometry":{"type":"Point","coordinates":[-71.073241,-29.435883]},"properties":{"id":"sim-0575","area":"negrillo","sentiment":"neutral","topic":"water","text":["Who would publish water-quality measurements and how often? The discussion needs to include effects over the full project life."],"role":["Coastal household"],"synthetic":true,"sample":575}},{"type":"Feature","id":"sim-0104","geometry":{"type":"Point","coordinates":[-71.458082,-29.256397]},"properties":{"id":"sim-0104","area":"choros","sentiment":"mixed","topic":"other","text":["The commitments sound promising, but responsibility for delivery needs to be clear. Local knowledge could help identify what the technical map misses."],"role":["Rural household"],"synthetic":true,"sample":104}},{"type":"Feature","id":"sim-0179","geometry":{"type":"Point","coordinates":[-71.284047,-29.296961]},"properties":{"id":"sim-0179","area":"los-choros","sentiment":"hopeful","topic":"other","text":["Seeing different kinds of evidence on one map makes it easier to ask useful questions. Please separate funded commitments from ideas still being discussed."],"role":["Small supplier"],"synthetic":true,"sample":179}},{"type":"Feature","id":"sim-0232","geometry":{"type":"Point","coordinates":[-71.298598,-29.299069]},"properties":{"id":"sim-0232","area":"los-choros","sentiment":"neutral","topic":"livelihoods","text":["Which training opportunities would be available before hiring begins? Please make the evidence easy to compare across seasons."],"role":["Coastal household"],"synthetic":true,"sample":232}},{"type":"Feature","id":"sim-0293","geometry":{"type":"Point","coordinates":[-71.313187,-29.502117]},"properties":{"id":"sim-0293","area":"totoralillo","sentiment":"concerned","topic":"health","text":["Heavy vehicle traffic could make daily journeys less safe. This should be reviewed with the people who use the area regularly."],"role":["Community group"],"synthetic":true,"sample":293}},{"type":"Feature","id":"sim-0097","geometry":{"type":"Point","coordinates":[-71.458537,-29.251918]},"properties":{"id":"sim-0097","area":"choros","sentiment":"concerned","topic":"livelihoods","text":["Local contracts may be difficult for small suppliers to access. We should revisit this when new measurements are available."],"role":["Young resident"],"synthetic":true,"sample":97}},{"type":"Feature","id":"sim-0565","geometry":{"type":"Point","coordinates":[-71.112299,-29.385727]},"properties":{"id":"sim-0565","area":"trapiche","sentiment":"hopeful","topic":"water","text":["A reliable shared water supply could make daily life easier. Please make the evidence easy to compare across seasons."],"role":["Rural household"],"synthetic":true,"sample":565}},{"type":"Feature","id":"sim-0218","geometry":{"type":"Point","coordinates":[-71.29612,-29.298475]},"properties":{"id":"sim-0218","area":"los-choros","sentiment":"mixed","topic":"water","text":["Desalination could help households, while creating questions about marine effects. Show the assumptions as well as the expected benefits."],"role":["Coastal household"],"synthetic":true,"sample":218}},{"type":"Feature","id":"sim-0043","geometry":{"type":"Point","coordinates":[-71.452504,-29.24309]},"properties":{"id":"sim-0043","area":"choros","sentiment":"concerned","topic":"other","text":["Public meetings are difficult to attend when they overlap with working hours. A clear map would help us discuss this in the next workshop."],"role":["Small supplier"],"synthetic":true,"sample":43}},{"type":"Feature","id":"sim-0508","geometry":{"type":"Point","coordinates":[-71.114328,-29.36986]},"properties":{"id":"sim-0508","area":"trapiche","sentiment":"mixed","topic":"health","text":["Better services would be positive, if capacity grows with demand. We should revisit this when new measurements are available."],"role":["Community group"],"synthetic":true,"sample":508}},{"type":"Feature","id":"sim-0315","geometry":{"type":"Point","coordinates":[-71.317231,-29.488543]},"properties":{"id":"sim-0315","area":"totoralillo","sentiment":"hopeful","topic":"livelihoods","text":["Training linked to real local jobs could create options for young people. We should revisit this when new measurements are available."],"role":["Caregiver"],"synthetic":true,"sample":315}},{"type":"Feature","id":"sim-0340","geometry":{"type":"Point","coordinates":[-71.331663,-29.496452]},"properties":{"id":"sim-0340","area":"totoralillo","sentiment":"concerned","topic":"other","text":["Technical information arrives too late for people to influence the choices. It would help to see who is responsible and when a response is due."],"role":["Local business"],"synthetic":true,"sample":340}},{"type":"Feature","id":"sim-0134","geometry":{"type":"Point","coordinates":[-71.295414,-29.299142]},"properties":{"id":"sim-0134","area":"los-choros","sentiment":"mixed","topic":"water","text":["Desalination could help households, while creating questions about marine effects. A simple public explanation would make this easier to follow."],"role":["Rural household"],"synthetic":true,"sample":134}},{"type":"Feature","id":"sim-0022","geometry":{"type":"Point","coordinates":[-71.465091,-29.254967]},"properties":{"id":"sim-0022","area":"choros","sentiment":"concerned","topic":"nature","text":["Noise and lighting could change how wildlife uses the coast. Local knowledge could help identify what the technical map misses."],"role":["Tourism worker"],"synthetic":true,"sample":22}},{"type":"Feature","id":"sim-0371","geometry":{"type":"Point","coordinates":[-71.209321,-29.506393]},"properties":{"id":"sim-0371","area":"higuera","sentiment":"neutral","topic":"other","text":["Which decisions are still open to change through this process? Keep the information accessible to people who cannot attend every meeting."],"role":["Coastal household"],"synthetic":true,"sample":371}},{"type":"Feature","id":"sim-0073","geometry":{"type":"Point","coordinates":[-71.463917,-29.254941]},"properties":{"id":"sim-0073","area":"choros","sentiment":"concerned","topic":"livelihoods","text":["Local contracts may be difficult for small suppliers to access. Local knowledge could help identify what the technical map misses."],"role":["Small supplier"],"synthetic":true,"sample":73}},{"type":"Feature","id":"sim-0366","geometry":{"type":"Point","coordinates":[-71.216355,-29.508145]},"properties":{"id":"sim-0366","area":"higuera","sentiment":"hopeful","topic":"other","text":["Seeing different kinds of evidence on one map makes it easier to ask useful questions. Include smaller settlements when deciding how to respond."],"role":["Young resident"],"synthetic":true,"sample":366}},{"type":"Feature","id":"sim-0014","geometry":{"type":"Point","coordinates":[-71.46272,-29.255058]},"properties":{"id":"sim-0014","area":"choros","sentiment":"concerned","topic":"livelihoods","text":["Local contracts may be difficult for small suppliers to access. It would help to see who is responsible and when a response is due."],"role":["Community group"],"synthetic":true,"sample":14}},{"type":"Feature","id":"sim-0418","geometry":{"type":"Point","coordinates":[-71.218632,-29.496933]},"properties":{"id":"sim-0418","area":"higuera","sentiment":"neutral","topic":"other","text":["Who would maintain the public record of questions and responses? It would help to see who is responsible and when a response is due."],"role":["Young resident"],"synthetic":true,"sample":418}},{"type":"Feature","id":"sim-0192","geometry":{"type":"Point","coordinates":[-71.296255,-29.292722]},"properties":{"id":"sim-0192","area":"los-choros","sentiment":"concerned","topic":"other","text":["There needs to be a clear consequence when a commitment is missed. The discussion needs to include effects over the full project life."],"role":["Coastal household"],"synthetic":true,"sample":192}},{"type":"Feature","id":"sim-0387","geometry":{"type":"Point","coordinates":[-71.208489,-29.505509]},"properties":{"id":"sim-0387","area":"higuera","sentiment":"concerned","topic":"other","text":["Public meetings are difficult to attend when they overlap with working hours. This should be reviewed with the people who use the area regularly."],"role":["Small supplier"],"synthetic":true,"sample":387}},{"type":"Feature","id":"sim-0112","geometry":{"type":"Point","coordinates":[-71.460298,-29.254369]},"properties":{"id":"sim-0112","area":"choros","sentiment":"concerned","topic":"water","text":["Smaller settlements could be left out of the water network. A simple public explanation would make this easier to follow."],"role":["Caregiver"],"synthetic":true,"sample":112}},{"type":"Feature","id":"sim-0054","geometry":{"type":"Point","coordinates":[-71.458843,-29.25578]},"properties":{"id":"sim-0054","area":"choros","sentiment":"concerned","topic":"other","text":["Technical information arrives too late for people to influence the choices. Local knowledge could help identify what the technical map misses."],"role":["Community group"],"synthetic":true,"sample":54}},{"type":"Feature","id":"sim-0496","geometry":{"type":"Point","coordinates":[-71.116974,-29.375612]},"properties":{"id":"sim-0496","area":"trapiche","sentiment":"concerned","topic":"health","text":["Heavy vehicle traffic could make daily journeys less safe. This should be reviewed with the people who use the area regularly."],"role":["Community group"],"synthetic":true,"sample":496}},{"type":"Feature","id":"sim-0560","geometry":{"type":"Point","coordinates":[-71.111632,-29.384438]},"properties":{"id":"sim-0560","area":"trapiche","sentiment":"concerned","topic":"health","text":["Heavy vehicle traffic could make daily journeys less safe. This should be reviewed with the people who use the area regularly."],"role":["Young resident"],"synthetic":true,"sample":560}},{"type":"Feature","id":"sim-0434","geometry":{"type":"Point","coordinates":[-71.222965,-29.496374]},"properties":{"id":"sim-0434","area":"higuera","sentiment":"mixed","topic":"livelihoods","text":["New jobs would be welcome, but fishing and tourism also need a future. Include smaller settlements when deciding how to respond."],"role":["Coastal household"],"synthetic":true,"sample":434}},{"type":"Feature","id":"sim-0051","geometry":{"type":"Point","coordinates":[-71.460492,-29.24862]},"properties":{"id":"sim-0051","area":"choros","sentiment":"concerned","topic":"other","text":["Technical information arrives too late for people to influence the choices. Show the assumptions as well as the expected benefits."],"role":["Tourism worker"],"synthetic":true,"sample":51}},{"type":"Feature","id":"sim-0564","geometry":{"type":"Point","coordinates":[-71.097465,-29.37298]},"properties":{"id":"sim-0564","area":"trapiche","sentiment":"concerned","topic":"water","text":["We need to understand how groundwater would be protected during a long drought. A simple public explanation would make this easier to follow."],"role":["Rural household"],"synthetic":true,"sample":564}},{"type":"Feature","id":"sim-0187","geometry":{"type":"Point","coordinates":[-71.307847,-29.28096]},"properties":{"id":"sim-0187","area":"los-choros","sentiment":"mixed","topic":"other","text":["A project can bring benefits while leaving some households worse off. This should be reviewed with the people who use the area regularly."],"role":["Small supplier"],"synthetic":true,"sample":187}},{"type":"Feature","id":"sim-0281","geometry":{"type":"Point","coordinates":[-71.314366,-29.497986]},"properties":{"id":"sim-0281","area":"totoralillo","sentiment":"concerned","topic":"water","text":["Smaller settlements could be left out of the water network. Please make the evidence easy to compare across seasons."],"role":["Coastal household"],"synthetic":true,"sample":281}},{"type":"Feature","id":"sim-0533","geometry":{"type":"Point","coordinates":[-71.100865,-29.371116]},"properties":{"id":"sim-0533","area":"trapiche","sentiment":"hopeful","topic":"health","text":["Safer roads and a reliable shuttle could benefit everyday travel. A clear map would help us discuss this in the next workshop."],"role":["Community group"],"synthetic":true,"sample":533}},{"type":"Feature","id":"sim-0093","geometry":{"type":"Point","coordinates":[-71.463447,-29.24948]},"properties":{"id":"sim-0093","area":"choros","sentiment":"mixed","topic":"livelihoods","text":["New jobs would be welcome, but fishing and tourism also need a future. Local knowledge could help identify what the technical map misses."],"role":["Local business"],"synthetic":true,"sample":93}},{"type":"Feature","id":"sim-0391","geometry":{"type":"Point","coordinates":[-71.210757,-29.504292]},"properties":{"id":"sim-0391","area":"higuera","sentiment":"hopeful","topic":"other","text":["A regular community forum could help concerns be addressed earlier. Please make the evidence easy to compare across seasons."],"role":["Young resident"],"synthetic":true,"sample":391}},{"type":"Feature","id":"sim-0108","geometry":{"type":"Point","coordinates":[-71.457379,-29.255174]},"properties":{"id":"sim-0108","area":"choros","sentiment":"concerned","topic":"other","text":["Public meetings are difficult to attend when they overlap with working hours. Include smaller settlements when deciding how to respond."],"role":["Small supplier"],"synthetic":true,"sample":108}},{"type":"Feature","id":"sim-0598","geometry":{"type":"Point","coordinates":[-71.080803,-29.424581]},"properties":{"id":"sim-0598","area":"negrillo","sentiment":"concerned","topic":"water","text":["Smaller settlements could be left out of the water network. It would help to see who is responsible and when a response is due."],"role":["Community group"],"synthetic":true,"sample":598}},{"type":"Feature","id":"sim-0605","geometry":{"type":"Point","coordinates":[-71.072657,-29.436944]},"properties":{"id":"sim-0605","area":"negrillo","sentiment":"neutral","topic":"health","text":["Which roads would carry additional traffic and at what times? The discussion needs to include effects over the full project life."],"role":["Local business"],"synthetic":true,"sample":605}},{"type":"Feature","id":"sim-0236","geometry":{"type":"Point","coordinates":[-71.305758,-29.49155]},"properties":{"id":"sim-0236","area":"totoralillo","sentiment":"concerned","topic":"water","text":["Smaller settlements could be left out of the water network. The discussion needs to include effects over the full project life."],"role":["Community group"],"synthetic":true,"sample":236}},{"type":"Feature","id":"sim-0488","geometry":{"type":"Point","coordinates":[-71.110561,-29.381221]},"properties":{"id":"sim-0488","area":"trapiche","sentiment":"mixed","topic":"health","text":["Better services would be positive, if capacity grows with demand. Please separate funded commitments from ideas still being discussed."],"role":["Rural household"],"synthetic":true,"sample":488}},{"type":"Feature","id":"sim-0519","geometry":{"type":"Point","coordinates":[-71.118576,-29.37883]},"properties":{"id":"sim-0519","area":"trapiche","sentiment":"neutral","topic":"water","text":["What allocation would remain available to households during a drought? Please make the evidence easy to compare across seasons."],"role":["Tourism worker"],"synthetic":true,"sample":519}},{"type":"Feature","id":"sim-0095","geometry":{"type":"Point","coordinates":[-71.449379,-29.242483]},"properties":{"id":"sim-0095","area":"choros","sentiment":"hopeful","topic":"other","text":["A public record of commitments could make conversations more constructive. A clear map would help us discuss this in the next workshop."],"role":["Community group"],"synthetic":true,"sample":95}},{"type":"Feature","id":"sim-0512","geometry":{"type":"Point","coordinates":[-71.103106,-29.376685]},"properties":{"id":"sim-0512","area":"trapiche","sentiment":"mixed","topic":"health","text":["Construction timing matters as much as the final design for everyday life. Local knowledge could help identify what the technical map misses."],"role":["Caregiver"],"synthetic":true,"sample":512}},{"type":"Feature","id":"sim-0550","geometry":{"type":"Point","coordinates":[-71.106406,-29.367211]},"properties":{"id":"sim-0550","area":"trapiche","sentiment":"hopeful","topic":"livelihoods","text":["Clear local purchasing rules could help small businesses participate. A simple public explanation would make this easier to follow."],"role":["Small supplier"],"synthetic":true,"sample":550}},{"type":"Feature","id":"sim-0606","geometry":{"type":"Point","coordinates":[-71.079753,-29.441039]},"properties":{"id":"sim-0606","area":"negrillo","sentiment":"hopeful","topic":"nature","text":["Restoration work could support local skills and long-term ecological care. We should revisit this when new measurements are available."],"role":["Small supplier"],"synthetic":true,"sample":606}},{"type":"Feature","id":"sim-0344","geometry":{"type":"Point","coordinates":[-71.325951,-29.494934]},"properties":{"id":"sim-0344","area":"totoralillo","sentiment":"concerned","topic":"health","text":["Heavy vehicle traffic could make daily journeys less safe. A clear map would help us discuss this in the next workshop."],"role":["Caregiver"],"synthetic":true,"sample":344}},{"type":"Feature","id":"sim-0276","geometry":{"type":"Point","coordinates":[-71.330378,-29.493452]},"properties":{"id":"sim-0276","area":"totoralillo","sentiment":"mixed","topic":"livelihoods","text":["Business opportunities matter alongside who carries the additional costs. It would help to see who is responsible and when a response is due."],"role":["Young resident"],"synthetic":true,"sample":276}},{"type":"Feature","id":"sim-0368","geometry":{"type":"Point","coordinates":[-71.212945,-29.500435]},"properties":{"id":"sim-0368","area":"higuera","sentiment":"mixed","topic":"health","text":["Better services would be positive, if capacity grows with demand. A clear map would help us discuss this in the next workshop."],"role":["Coastal household"],"synthetic":true,"sample":368}},{"type":"Feature","id":"sim-0146","geometry":{"type":"Point","coordinates":[-71.307619,-29.292162]},"properties":{"id":"sim-0146","area":"los-choros","sentiment":"hopeful","topic":"livelihoods","text":["Long-term apprenticeships could build skills that last beyond one project. Please separate funded commitments from ideas still being discussed."],"role":["Coastal household"],"synthetic":true,"sample":146}},{"type":"Feature","id":"sim-0055","geometry":{"type":"Point","coordinates":[-71.458878,-29.249642]},"properties":{"id":"sim-0055","area":"choros","sentiment":"neutral","topic":"water","text":["What allocation would remain available to households during a drought? It would help to see who is responsible and when a response is due."],"role":["Small supplier"],"synthetic":true,"sample":55}},{"type":"Feature","id":"sim-0592","geometry":{"type":"Point","coordinates":[-71.071796,-29.433263]},"properties":{"id":"sim-0592","area":"negrillo","sentiment":"concerned","topic":"health","text":["Heavy vehicle traffic could make daily journeys less safe. A clear map would help us discuss this in the next workshop."],"role":["Rural household"],"synthetic":true,"sample":592}},{"type":"Feature","id":"sim-0200","geometry":{"type":"Point","coordinates":[-71.308006,-29.300309]},"properties":{"id":"sim-0200","area":"los-choros","sentiment":"mixed","topic":"water","text":["A larger water system could help, if its operating costs stay affordable. Show the assumptions as well as the expected benefits."],"role":["Small supplier"],"synthetic":true,"sample":200}},{"type":"Feature","id":"sim-0126","geometry":{"type":"Point","coordinates":[-71.462544,-29.249852]},"properties":{"id":"sim-0126","area":"choros","sentiment":"concerned","topic":"livelihoods","text":["The cost of living could rise before local families see new income. Keep the information accessible to people who cannot attend every meeting."],"role":["Caregiver"],"synthetic":true,"sample":126}},{"type":"Feature","id":"sim-0209","geometry":{"type":"Point","coordinates":[-71.315727,-29.298338]},"properties":{"id":"sim-0209","area":"los-choros","sentiment":"hopeful","topic":"water","text":["Better storage and delivery infrastructure could help the wider community. Please separate funded commitments from ideas still being discussed."],"role":["Tourism worker"],"synthetic":true,"sample":209}},{"type":"Feature","id":"sim-0350","geometry":{"type":"Point","coordinates":[-71.189675,-29.498128]},"properties":{"id":"sim-0350","area":"higuera","sentiment":"concerned","topic":"health","text":["Dust near homes and outdoor work needs independent monitoring. Local knowledge could help identify what the technical map misses."],"role":["Community group"],"synthetic":true,"sample":350}},{"type":"Feature","id":"sim-0262","geometry":{"type":"Point","coordinates":[-71.327858,-29.492414]},"properties":{"id":"sim-0262","area":"totoralillo","sentiment":"neutral","topic":"nature","text":["How are coastal activities and habitat connections represented together? The discussion needs to include effects over the full project life."],"role":["Coastal household"],"synthetic":true,"sample":262}},{"type":"Feature","id":"sim-0514","geometry":{"type":"Point","coordinates":[-71.10867,-29.381549]},"properties":{"id":"sim-0514","area":"trapiche","sentiment":"hopeful","topic":"water","text":["Community-led water monitoring could turn a promise into something we can track. A simple public explanation would make this easier to follow."],"role":["Community group"],"synthetic":true,"sample":514}},{"type":"Feature","id":"sim-0305","geometry":{"type":"Point","coordinates":[-71.330124,-29.496267]},"properties":{"id":"sim-0305","area":"totoralillo","sentiment":"concerned","topic":"nature","text":["Marine life moves beyond the islands. Vessel routes need to reflect that. Keep the information accessible to people who cannot attend every meeting."],"role":["Rural household"],"synthetic":true,"sample":305}},{"type":"Feature","id":"sim-0552","geometry":{"type":"Point","coordinates":[-71.109391,-29.367671]},"properties":{"id":"sim-0552","area":"trapiche","sentiment":"hopeful","topic":"health","text":["Shared emergency equipment could improve response for nearby settlements. Include smaller settlements when deciding how to respond."],"role":["Local business"],"synthetic":true,"sample":552}},{"type":"Feature","id":"sim-0058","geometry":{"type":"Point","coordinates":[-71.447404,-29.257593]},"properties":{"id":"sim-0058","area":"choros","sentiment":"concerned","topic":"livelihoods","text":["Local contracts may be difficult for small suppliers to access. A simple public explanation would make this easier to follow."],"role":["Small supplier"],"synthetic":true,"sample":58}},{"type":"Feature","id":"sim-0105","geometry":{"type":"Point","coordinates":[-71.461283,-29.258805]},"properties":{"id":"sim-0105","area":"choros","sentiment":"concerned","topic":"nature","text":["A species map from one season cannot describe the whole year. This should be reviewed with the people who use the area regularly."],"role":["Coastal household"],"synthetic":true,"sample":105}},{"type":"Feature","id":"sim-0597","geometry":{"type":"Point","coordinates":[-71.075528,-29.445076]},"properties":{"id":"sim-0597","area":"negrillo","sentiment":"concerned","topic":"other","text":["There needs to be a clear consequence when a commitment is missed. We should revisit this when new measurements are available."],"role":["Coastal household"],"synthetic":true,"sample":597}},{"type":"Feature","id":"sim-0346","geometry":{"type":"Point","coordinates":[-71.210922,-29.500707]},"properties":{"id":"sim-0346","area":"higuera","sentiment":"neutral","topic":"livelihoods","text":["Which training opportunities would be available before hiring begins? Please separate funded commitments from ideas still being discussed."],"role":["Community group"],"synthetic":true,"sample":346}},{"type":"Feature","id":"sim-0068","geometry":{"type":"Point","coordinates":[-71.468221,-29.253426]},"properties":{"id":"sim-0068","area":"choros","sentiment":"concerned","topic":"livelihoods","text":["A disruption during the fishing season would be hard for small businesses to absorb. A clear map would help us discuss this in the next workshop."],"role":["Young resident"],"synthetic":true,"sample":68}},{"type":"Feature","id":"sim-0314","geometry":{"type":"Point","coordinates":[-71.320892,-29.495115]},"properties":{"id":"sim-0314","area":"totoralillo","sentiment":"concerned","topic":"nature","text":["Marine life moves beyond the islands. Vessel routes need to reflect that. A clear map would help us discuss this in the next workshop."],"role":["Coastal household"],"synthetic":true,"sample":314}},{"type":"Feature","id":"sim-0265","geometry":{"type":"Point","coordinates":[-71.309196,-29.500212]},"properties":{"id":"sim-0265","area":"totoralillo","sentiment":"mixed","topic":"livelihoods","text":["New jobs would be welcome, but fishing and tourism also need a future. The discussion needs to include effects over the full project life."],"role":["Small supplier"],"synthetic":true,"sample":265}},{"type":"Feature","id":"sim-0626","geometry":{"type":"Point","coordinates":[-71.085068,-29.43047]},"properties":{"id":"sim-0626","area":"negrillo","sentiment":"concerned","topic":"water","text":["A water promise needs an enforceable delivery plan. Local knowledge could help identify what the technical map misses."],"role":["Small supplier"],"synthetic":true,"sample":626}},{"type":"Feature","id":"sim-0547","geometry":{"type":"Point","coordinates":[-71.117804,-29.369408]},"properties":{"id":"sim-0547","area":"trapiche","sentiment":"mixed","topic":"other","text":["The commitments sound promising, but responsibility for delivery needs to be clear. It would help to see who is responsible and when a response is due."],"role":["Small supplier"],"synthetic":true,"sample":547}},{"type":"Feature","id":"sim-0361","geometry":{"type":"Point","coordinates":[-71.203363,-29.496539]},"properties":{"id":"sim-0361","area":"higuera","sentiment":"mixed","topic":"livelihoods","text":["Construction work could help families, but temporary jobs need a plan for what follows. Please make the evidence easy to compare across seasons."],"role":["Caregiver"],"synthetic":true,"sample":361}},{"type":"Feature","id":"sim-0586","geometry":{"type":"Point","coordinates":[-71.07606,-29.443107]},"properties":{"id":"sim-0586","area":"negrillo","sentiment":"mixed","topic":"water","text":["A larger water system could help, if its operating costs stay affordable. It would help to see who is responsible and when a response is due."],"role":["Tourism worker"],"synthetic":true,"sample":586}},{"type":"Feature","id":"sim-0162","geometry":{"type":"Point","coordinates":[-71.289864,-29.301455]},"properties":{"id":"sim-0162","area":"los-choros","sentiment":"hopeful","topic":"water","text":["A reliable shared water supply could make daily life easier. The discussion needs to include effects over the full project life."],"role":["Caregiver"],"synthetic":true,"sample":162}},{"type":"Feature","id":"sim-0148","geometry":{"type":"Point","coordinates":[-71.291594,-29.300192]},"properties":{"id":"sim-0148","area":"los-choros","sentiment":"mixed","topic":"water","text":["A larger water system could help, if its operating costs stay affordable. Include smaller settlements when deciding how to respond."],"role":["Rural household"],"synthetic":true,"sample":148}},{"type":"Feature","id":"sim-0310","geometry":{"type":"Point","coordinates":[-71.3196,-29.494952]},"properties":{"id":"sim-0310","area":"totoralillo","sentiment":"concerned","topic":"nature","text":["Noise and lighting could change how wildlife uses the coast. A simple public explanation would make this easier to follow."],"role":["Coastal household"],"synthetic":true,"sample":310}},{"type":"Feature","id":"sim-0284","geometry":{"type":"Point","coordinates":[-71.32322,-29.499717]},"properties":{"id":"sim-0284","area":"totoralillo","sentiment":"concerned","topic":"water","text":["Smaller settlements could be left out of the water network. Keep the information accessible to people who cannot attend every meeting."],"role":["Community group"],"synthetic":true,"sample":284}},{"type":"Feature","id":"sim-0527","geometry":{"type":"Point","coordinates":[-71.117958,-29.376901]},"properties":{"id":"sim-0527","area":"trapiche","sentiment":"hopeful","topic":"livelihoods","text":["Long-term apprenticeships could build skills that last beyond one project. A clear map would help us discuss this in the next workshop."],"role":["Tourism worker"],"synthetic":true,"sample":527}},{"type":"Feature","id":"sim-0596","geometry":{"type":"Point","coordinates":[-71.08313,-29.431091]},"properties":{"id":"sim-0596","area":"negrillo","sentiment":"mixed","topic":"health","text":["Road improvements would help, but additional traffic could offset those gains. This should be reviewed with the people who use the area regularly."],"role":["Community group"],"synthetic":true,"sample":596}},{"type":"Feature","id":"sim-0027","geometry":{"type":"Point","coordinates":[-71.453485,-29.251384]},"properties":{"id":"sim-0027","area":"choros","sentiment":"concerned","topic":"other","text":["Technical information arrives too late for people to influence the choices. A simple public explanation would make this easier to follow."],"role":["Coastal household"],"synthetic":true,"sample":27}},{"type":"Feature","id":"sim-0382","geometry":{"type":"Point","coordinates":[-71.213181,-29.49803]},"properties":{"id":"sim-0382","area":"higuera","sentiment":"mixed","topic":"water","text":["Desalination could help households, while creating questions about marine effects. The discussion needs to include effects over the full project life."],"role":["Local business"],"synthetic":true,"sample":382}},{"type":"Feature","id":"sim-0636","geometry":{"type":"Point","coordinates":[-71.068487,-29.4383]},"properties":{"id":"sim-0636","area":"negrillo","sentiment":"neutral","topic":"water","text":["Which parts of the water network are proposed, and which already exist? The discussion needs to include effects over the full project life."],"role":["Community group"],"synthetic":true,"sample":636}},{"type":"Feature","id":"sim-0129","geometry":{"type":"Point","coordinates":[-71.296823,-29.304349]},"properties":{"id":"sim-0129","area":"los-choros","sentiment":"hopeful","topic":"health","text":["Shared emergency equipment could improve response for nearby settlements. Please separate funded commitments from ideas still being discussed."],"role":["Caregiver"],"synthetic":true,"sample":129}},{"type":"Feature","id":"sim-0428","geometry":{"type":"Point","coordinates":[-71.205697,-29.507055]},"properties":{"id":"sim-0428","area":"higuera","sentiment":"hopeful","topic":"livelihoods","text":["Clear local purchasing rules could help small businesses participate. A simple public explanation would make this easier to follow."],"role":["Young resident"],"synthetic":true,"sample":428}},{"type":"Feature","id":"sim-0443","geometry":{"type":"Point","coordinates":[-71.203174,-29.498036]},"properties":{"id":"sim-0443","area":"higuera","sentiment":"concerned","topic":"water","text":["A water promise needs an enforceable delivery plan. Local knowledge could help identify what the technical map misses."],"role":["Tourism worker"],"synthetic":true,"sample":443}},{"type":"Feature","id":"sim-0472","geometry":{"type":"Point","coordinates":[-71.233287,-29.503818]},"properties":{"id":"sim-0472","area":"higuera","sentiment":"hopeful","topic":"other","text":["A public record of commitments could make conversations more constructive. The discussion needs to include effects over the full project life."],"role":["Local business"],"synthetic":true,"sample":472}},{"type":"Feature","id":"sim-0291","geometry":{"type":"Point","coordinates":[-71.317022,-29.493223]},"properties":{"id":"sim-0291","area":"totoralillo","sentiment":"mixed","topic":"other","text":["There is room for dialogue, but people need evidence they can independently check. A clear map would help us discuss this in the next workshop."],"role":["Community group"],"synthetic":true,"sample":291}},{"type":"Feature","id":"sim-0287","geometry":{"type":"Point","coordinates":[-71.308788,-29.494603]},"properties":{"id":"sim-0287","area":"totoralillo","sentiment":"neutral","topic":"nature","text":["Which monitoring results would trigger a change in operations? Please make the evidence easy to compare across seasons."],"role":["Caregiver"],"synthetic":true,"sample":287}},{"type":"Feature","id":"sim-0005","geometry":{"type":"Point","coordinates":[-71.465591,-29.25375]},"properties":{"id":"sim-0005","area":"choros","sentiment":"mixed","topic":"livelihoods","text":["Business opportunities matter alongside who carries the additional costs. A clear map would help us discuss this in the next workshop."],"role":["Young resident"],"synthetic":true,"sample":5}},{"type":"Feature","id":"sim-0381","geometry":{"type":"Point","coordinates":[-71.203401,-29.495056]},"properties":{"id":"sim-0381","area":"higuera","sentiment":"mixed","topic":"other","text":["There is room for dialogue, but people need evidence they can independently check. Local knowledge could help identify what the technical map misses."],"role":["Caregiver"],"synthetic":true,"sample":381}},{"type":"Feature","id":"sim-0375","geometry":{"type":"Point","coordinates":[-71.205547,-29.505898]},"properties":{"id":"sim-0375","area":"higuera","sentiment":"hopeful","topic":"livelihoods","text":["Long-term apprenticeships could build skills that last beyond one project. Please separate funded commitments from ideas still being discussed."],"role":["Community group"],"synthetic":true,"sample":375}},{"type":"Feature","id":"sim-0599","geometry":{"type":"Point","coordinates":[-71.086865,-29.430749]},"properties":{"id":"sim-0599","area":"negrillo","sentiment":"concerned","topic":"other","text":["There needs to be a clear consequence when a commitment is missed. Keep the information accessible to people who cannot attend every meeting."],"role":["Local business"],"synthetic":true,"sample":599}},{"type":"Feature","id":"sim-0416","geometry":{"type":"Point","coordinates":[-71.192366,-29.50678]},"properties":{"id":"sim-0416","area":"higuera","sentiment":"concerned","topic":"health","text":["Heavy vehicle traffic could make daily journeys less safe. A clear map would help us discuss this in the next workshop."],"role":["Community group"],"synthetic":true,"sample":416}},{"type":"Feature","id":"sim-0536","geometry":{"type":"Point","coordinates":[-71.115584,-29.374659]},"properties":{"id":"sim-0536","area":"trapiche","sentiment":"hopeful","topic":"other","text":["Seeing different kinds of evidence on one map makes it easier to ask useful questions. Local knowledge could help identify what the technical map misses."],"role":["Young resident"],"synthetic":true,"sample":536}},{"type":"Feature","id":"sim-0580","geometry":{"type":"Point","coordinates":[-71.076877,-29.434747]},"properties":{"id":"sim-0580","area":"negrillo","sentiment":"hopeful","topic":"nature","text":["Community monitoring could build better knowledge of the coast. Show the assumptions as well as the expected benefits."],"role":["Caregiver"],"synthetic":true,"sample":580}},{"type":"Feature","id":"sim-0032","geometry":{"type":"Point","coordinates":[-71.455854,-29.249697]},"properties":{"id":"sim-0032","area":"choros","sentiment":"mixed","topic":"nature","text":["Development and conservation may coexist, but only with clear ecological limits. Local knowledge could help identify what the technical map misses."],"role":["Caregiver"],"synthetic":true,"sample":32}},{"type":"Feature","id":"sim-0251","geometry":{"type":"Point","coordinates":[-71.306399,-29.503058]},"properties":{"id":"sim-0251","area":"totoralillo","sentiment":"neutral","topic":"water","text":["Who would publish water-quality measurements and how often? Please separate funded commitments from ideas still being discussed."],"role":["Tourism worker"],"synthetic":true,"sample":251}},{"type":"Feature","id":"sim-0152","geometry":{"type":"Point","coordinates":[-71.303578,-29.289702]},"properties":{"id":"sim-0152","area":"los-choros","sentiment":"concerned","topic":"livelihoods","text":["The cost of living could rise before local families see new income. Include smaller settlements when deciding how to respond."],"role":["Rural household"],"synthetic":true,"sample":152}},{"type":"Feature","id":"sim-0555","geometry":{"type":"Point","coordinates":[-71.102195,-29.379051]},"properties":{"id":"sim-0555","area":"trapiche","sentiment":"concerned","topic":"health","text":["Dust near homes and outdoor work needs independent monitoring. Local knowledge could help identify what the technical map misses."],"role":["Tourism worker"],"synthetic":true,"sample":555}},{"type":"Feature","id":"sim-0578","geometry":{"type":"Point","coordinates":[-71.081256,-29.435761]},"properties":{"id":"sim-0578","area":"negrillo","sentiment":"neutral","topic":"water","text":["Which parts of the water network are proposed, and which already exist? Include smaller settlements when deciding how to respond."],"role":["Coastal household"],"synthetic":true,"sample":578}},{"type":"Feature","id":"sim-0084","geometry":{"type":"Point","coordinates":[-71.449636,-29.244525]},"properties":{"id":"sim-0084","area":"choros","sentiment":"mixed","topic":"water","text":["Desalination could help households, while creating questions about marine effects. We should revisit this when new measurements are available."],"role":["Tourism worker"],"synthetic":true,"sample":84}},{"type":"Feature","id":"sim-0562","geometry":{"type":"Point","coordinates":[-71.119651,-29.379027]},"properties":{"id":"sim-0562","area":"trapiche","sentiment":"concerned","topic":"water","text":["Smaller settlements could be left out of the water network. Please make the evidence easy to compare across seasons."],"role":["Small supplier"],"synthetic":true,"sample":562}},{"type":"Feature","id":"sim-0006","geometry":{"type":"Point","coordinates":[-71.444291,-29.247343]},"properties":{"id":"sim-0006","area":"choros","sentiment":"concerned","topic":"nature","text":["Noise and lighting could change how wildlife uses the coast. Show the assumptions as well as the expected benefits."],"role":["Community group"],"synthetic":true,"sample":6}},{"type":"Feature","id":"sim-0415","geometry":{"type":"Point","coordinates":[-71.206591,-29.505133]},"properties":{"id":"sim-0415","area":"higuera","sentiment":"mixed","topic":"health","text":["Road improvements would help, but additional traffic could offset those gains. This should be reviewed with the people who use the area regularly."],"role":["Rural household"],"synthetic":true,"sample":415}},{"type":"Feature","id":"sim-0157","geometry":{"type":"Point","coordinates":[-71.298207,-29.285657]},"properties":{"id":"sim-0157","area":"los-choros","sentiment":"concerned","topic":"health","text":["Emergency response capacity needs to grow before construction begins. This should be reviewed with the people who use the area regularly."],"role":["Young resident"],"synthetic":true,"sample":157}},{"type":"Feature","id":"sim-0588","geometry":{"type":"Point","coordinates":[-71.072952,-29.429674]},"properties":{"id":"sim-0588","area":"negrillo","sentiment":"hopeful","topic":"nature","text":["A shared habitat map could help everyone avoid sensitive areas. This should be reviewed with the people who use the area regularly."],"role":["Local business"],"synthetic":true,"sample":588}},{"type":"Feature","id":"sim-0385","geometry":{"type":"Point","coordinates":[-71.208795,-29.501566]},"properties":{"id":"sim-0385","area":"higuera","sentiment":"hopeful","topic":"health","text":["Shared emergency equipment could improve response for nearby settlements. The discussion needs to include effects over the full project life."],"role":["Young resident"],"synthetic":true,"sample":385}},{"type":"Feature","id":"sim-0470","geometry":{"type":"Point","coordinates":[-71.208487,-29.503511]},"properties":{"id":"sim-0470","area":"higuera","sentiment":"mixed","topic":"livelihoods","text":["New jobs would be welcome, but fishing and tourism also need a future. Please make the evidence easy to compare across seasons."],"role":["Rural household"],"synthetic":true,"sample":470}},{"type":"Feature","id":"sim-0351","geometry":{"type":"Point","coordinates":[-71.205769,-29.508466]},"properties":{"id":"sim-0351","area":"higuera","sentiment":"hopeful","topic":"health","text":["Investment in local services could make the area more resilient. Include smaller settlements when deciding how to respond."],"role":["Tourism worker"],"synthetic":true,"sample":351}},{"type":"Feature","id":"sim-0226","geometry":{"type":"Point","coordinates":[-71.287763,-29.290207]},"properties":{"id":"sim-0226","area":"los-choros","sentiment":"hopeful","topic":"health","text":["Shared emergency equipment could improve response for nearby settlements. Local knowledge could help identify what the technical map misses."],"role":["Tourism worker"],"synthetic":true,"sample":226}},{"type":"Feature","id":"sim-0024","geometry":{"type":"Point","coordinates":[-71.450303,-29.24361]},"properties":{"id":"sim-0024","area":"choros","sentiment":"concerned","topic":"nature","text":["Marine life moves beyond the islands. Vessel routes need to reflect that. The discussion needs to include effects over the full project life."],"role":["Rural household"],"synthetic":true,"sample":24}},{"type":"Feature","id":"sim-0035","geometry":{"type":"Point","coordinates":[-71.467324,-29.251355]},"properties":{"id":"sim-0035","area":"choros","sentiment":"mixed","topic":"livelihoods","text":["New jobs would be welcome, but fishing and tourism also need a future. Please separate funded commitments from ideas still being discussed."],"role":["Tourism worker"],"synthetic":true,"sample":35}},{"type":"Feature","id":"sim-0182","geometry":{"type":"Point","coordinates":[-71.295027,-29.295916]},"properties":{"id":"sim-0182","area":"los-choros","sentiment":"concerned","topic":"water","text":["A water promise needs an enforceable delivery plan. Show the assumptions as well as the expected benefits."],"role":["Tourism worker"],"synthetic":true,"sample":182}},{"type":"Feature","id":"sim-0031","geometry":{"type":"Point","coordinates":[-71.454759,-29.252942]},"properties":{"id":"sim-0031","area":"choros","sentiment":"mixed","topic":"livelihoods","text":["New jobs would be welcome, but fishing and tourism also need a future. A simple public explanation would make this easier to follow."],"role":["Tourism worker"],"synthetic":true,"sample":31}},{"type":"Feature","id":"sim-0079","geometry":{"type":"Point","coordinates":[-71.449209,-29.263121]},"properties":{"id":"sim-0079","area":"choros","sentiment":"concerned","topic":"livelihoods","text":["Local contracts may be difficult for small suppliers to access. Keep the information accessible to people who cannot attend every meeting."],"role":["Coastal household"],"synthetic":true,"sample":79}},{"type":"Feature","id":"sim-0159","geometry":{"type":"Point","coordinates":[-71.312908,-29.29855]},"properties":{"id":"sim-0159","area":"los-choros","sentiment":"concerned","topic":"water","text":["We need to understand how groundwater would be protected during a long drought. Local knowledge could help identify what the technical map misses."],"role":["Local business"],"synthetic":true,"sample":159}},{"type":"Feature","id":"sim-0037","geometry":{"type":"Point","coordinates":[-71.455542,-29.244133]},"properties":{"id":"sim-0037","area":"choros","sentiment":"concerned","topic":"nature","text":["Noise and lighting could change how wildlife uses the coast. A simple public explanation would make this easier to follow."],"role":["Community group"],"synthetic":true,"sample":37}},{"type":"Feature","id":"sim-0402","geometry":{"type":"Point","coordinates":[-71.212062,-29.499509]},"properties":{"id":"sim-0402","area":"higuera","sentiment":"hopeful","topic":"livelihoods","text":["Clear local purchasing rules could help small businesses participate. A clear map would help us discuss this in the next workshop."],"role":["Local business"],"synthetic":true,"sample":402}},{"type":"Feature","id":"sim-0535","geometry":{"type":"Point","coordinates":[-71.100115,-29.370137]},"properties":{"id":"sim-0535","area":"trapiche","sentiment":"mixed","topic":"other","text":["The commitments sound promising, but responsibility for delivery needs to be clear. Please separate funded commitments from ideas still being discussed."],"role":["Caregiver"],"synthetic":true,"sample":535}},{"type":"Feature","id":"sim-0473","geometry":{"type":"Point","coordinates":[-71.217505,-29.503068]},"properties":{"id":"sim-0473","area":"higuera","sentiment":"neutral","topic":"water","text":["Which parts of the water network are proposed, and which already exist? Show the assumptions as well as the expected benefits."],"role":["Rural household"],"synthetic":true,"sample":473}},{"type":"Feature","id":"sim-0178","geometry":{"type":"Point","coordinates":[-71.303973,-29.304487]},"properties":{"id":"sim-0178","area":"los-choros","sentiment":"concerned","topic":"water","text":["Smaller settlements could be left out of the water network. A simple public explanation would make this easier to follow."],"role":["Rural household"],"synthetic":true,"sample":178}},{"type":"Feature","id":"sim-0397","geometry":{"type":"Point","coordinates":[-71.224177,-29.501353]},"properties":{"id":"sim-0397","area":"higuera","sentiment":"concerned","topic":"water","text":["Smaller settlements could be left out of the water network. Please make the evidence easy to compare across seasons."],"role":["Rural household"],"synthetic":true,"sample":397}},{"type":"Feature","id":"sim-0372","geometry":{"type":"Point","coordinates":[-71.215605,-29.49665]},"properties":{"id":"sim-0372","area":"higuera","sentiment":"mixed","topic":"livelihoods","text":["Construction work could help families, but temporary jobs need a plan for what follows. Please separate funded commitments from ideas still being discussed."],"role":["Tourism worker"],"synthetic":true,"sample":372}},{"type":"Feature","id":"sim-0300","geometry":{"type":"Point","coordinates":[-71.322645,-29.494846]},"properties":{"id":"sim-0300","area":"totoralillo","sentiment":"hopeful","topic":"nature","text":["Restoration work could support local skills and long-term ecological care. A simple public explanation would make this easier to follow."],"role":["Tourism worker"],"synthetic":true,"sample":300}},{"type":"Feature","id":"sim-0122","geometry":{"type":"Point","coordinates":[-71.451707,-29.246618]},"properties":{"id":"sim-0122","area":"choros","sentiment":"hopeful","topic":"other","text":["A public record of commitments could make conversations more constructive. Please make the evidence easy to compare across seasons."],"role":["Coastal household"],"synthetic":true,"sample":122}},{"type":"Feature","id":"sim-0504","geometry":{"type":"Point","coordinates":[-71.121132,-29.380589]},"properties":{"id":"sim-0504","area":"trapiche","sentiment":"concerned","topic":"health","text":["Heavy vehicle traffic could make daily journeys less safe. Local knowledge could help identify what the technical map misses."],"role":["Local business"],"synthetic":true,"sample":504}},{"type":"Feature","id":"sim-0212","geometry":{"type":"Point","coordinates":[-71.303116,-29.294018]},"properties":{"id":"sim-0212","area":"los-choros","sentiment":"neutral","topic":"other","text":["Who would maintain the public record of questions and responses? Include smaller settlements when deciding how to respond."],"role":["Tourism worker"],"synthetic":true,"sample":212}},{"type":"Feature","id":"sim-0585","geometry":{"type":"Point","coordinates":[-71.083458,-29.437598]},"properties":{"id":"sim-0585","area":"negrillo","sentiment":"hopeful","topic":"nature","text":["Community monitoring could build better knowledge of the coast. Keep the information accessible to people who cannot attend every meeting."],"role":["Rural household"],"synthetic":true,"sample":585}},{"type":"Feature","id":"sim-0117","geometry":{"type":"Point","coordinates":[-71.457931,-29.256322]},"properties":{"id":"sim-0117","area":"choros","sentiment":"neutral","topic":"other","text":["Which decisions are still open to change through this process? Please make the evidence easy to compare across seasons."],"role":["Community group"],"synthetic":true,"sample":117}},{"type":"Feature","id":"sim-0230","geometry":{"type":"Point","coordinates":[-71.305153,-29.310219]},"properties":{"id":"sim-0230","area":"los-choros","sentiment":"mixed","topic":"water","text":["Additional water sounds useful, but the allocation rules still matter. Keep the information accessible to people who cannot attend every meeting."],"role":["Caregiver"],"synthetic":true,"sample":230}},{"type":"Feature","id":"sim-0255","geometry":{"type":"Point","coordinates":[-71.332113,-29.488385]},"properties":{"id":"sim-0255","area":"totoralillo","sentiment":"mixed","topic":"nature","text":["Monitoring is useful, but it must lead to action when conditions change. Keep the information accessible to people who cannot attend every meeting."],"role":["Tourism worker"],"synthetic":true,"sample":255}},{"type":"Feature","id":"sim-0128","geometry":{"type":"Point","coordinates":[-71.457303,-29.259231]},"properties":{"id":"sim-0128","area":"choros","sentiment":"neutral","topic":"other","text":["Who would maintain the public record of questions and responses? A simple public explanation would make this easier to follow."],"role":["Small supplier"],"synthetic":true,"sample":128}},{"type":"Feature","id":"sim-0429","geometry":{"type":"Point","coordinates":[-71.20733,-29.493988]},"properties":{"id":"sim-0429","area":"higuera","sentiment":"mixed","topic":"other","text":["There is room for dialogue, but people need evidence they can independently check. A clear map would help us discuss this in the next workshop."],"role":["Community group"],"synthetic":true,"sample":429}},{"type":"Feature","id":"sim-0486","geometry":{"type":"Point","coordinates":[-71.101818,-29.372267]},"properties":{"id":"sim-0486","area":"trapiche","sentiment":"hopeful","topic":"health","text":["Shared emergency equipment could improve response for nearby settlements. Please make the evidence easy to compare across seasons."],"role":["Community group"],"synthetic":true,"sample":486}},{"type":"Feature","id":"sim-0389","geometry":{"type":"Point","coordinates":[-71.217029,-29.500868]},"properties":{"id":"sim-0389","area":"higuera","sentiment":"mixed","topic":"livelihoods","text":["New jobs would be welcome, but fishing and tourism also need a future. Please make the evidence easy to compare across seasons."],"role":["Young resident"],"synthetic":true,"sample":389}},{"type":"Feature","id":"sim-0056","geometry":{"type":"Point","coordinates":[-71.465009,-29.246073]},"properties":{"id":"sim-0056","area":"choros","sentiment":"concerned","topic":"nature","text":["A species map from one season cannot describe the whole year. This should be reviewed with the people who use the area regularly."],"role":["Young resident"],"synthetic":true,"sample":56}},{"type":"Feature","id":"sim-0520","geometry":{"type":"Point","coordinates":[-71.114424,-29.381158]},"properties":{"id":"sim-0520","area":"trapiche","sentiment":"neutral","topic":"water","text":["Who would publish water-quality measurements and how often? It would help to see who is responsible and when a response is due."],"role":["Rural household"],"synthetic":true,"sample":520}},{"type":"Feature","id":"sim-0593","geometry":{"type":"Point","coordinates":[-71.070951,-29.448267]},"properties":{"id":"sim-0593","area":"negrillo","sentiment":"neutral","topic":"water","text":["What allocation would remain available to households during a drought? The discussion needs to include effects over the full project life."],"role":["Local business"],"synthetic":true,"sample":593}},{"type":"Feature","id":"sim-0336","geometry":{"type":"Point","coordinates":[-71.322825,-29.500377]},"properties":{"id":"sim-0336","area":"totoralillo","sentiment":"concerned","topic":"nature","text":["Noise and lighting could change how wildlife uses the coast. This should be reviewed with the people who use the area regularly."],"role":["Young resident"],"synthetic":true,"sample":336}},{"type":"Feature","id":"sim-0494","geometry":{"type":"Point","coordinates":[-71.101845,-29.380099]},"properties":{"id":"sim-0494","area":"trapiche","sentiment":"concerned","topic":"other","text":["Public meetings are difficult to attend when they overlap with working hours. Show the assumptions as well as the expected benefits."],"role":["Local business"],"synthetic":true,"sample":494}},{"type":"Feature","id":"sim-0239","geometry":{"type":"Point","coordinates":[-71.328361,-29.501958]},"properties":{"id":"sim-0239","area":"totoralillo","sentiment":"concerned","topic":"livelihoods","text":["Local contracts may be difficult for small suppliers to access. A simple public explanation would make this easier to follow."],"role":["Community group"],"synthetic":true,"sample":239}},{"type":"Feature","id":"sim-0282","geometry":{"type":"Point","coordinates":[-71.314971,-29.49344]},"properties":{"id":"sim-0282","area":"totoralillo","sentiment":"neutral","topic":"other","text":["Who would maintain the public record of questions and responses? Please make the evidence easy to compare across seasons."],"role":["Tourism worker"],"synthetic":true,"sample":282}},{"type":"Feature","id":"sim-0150","geometry":{"type":"Point","coordinates":[-71.290756,-29.294865]},"properties":{"id":"sim-0150","area":"los-choros","sentiment":"mixed","topic":"health","text":["Better services would be positive, if capacity grows with demand. Keep the information accessible to people who cannot attend every meeting."],"role":["Tourism worker"],"synthetic":true,"sample":150}},{"type":"Feature","id":"sim-0025","geometry":{"type":"Point","coordinates":[-71.455769,-29.251158]},"properties":{"id":"sim-0025","area":"choros","sentiment":"neutral","topic":"livelihoods","text":["What share of procurement would be open to locally owned businesses? It would help to see who is responsible and when a response is due."],"role":["Coastal household"],"synthetic":true,"sample":25}},{"type":"Feature","id":"sim-0390","geometry":{"type":"Point","coordinates":[-71.223276,-29.503975]},"properties":{"id":"sim-0390","area":"higuera","sentiment":"hopeful","topic":"livelihoods","text":["Clear local purchasing rules could help small businesses participate. Local knowledge could help identify what the technical map misses."],"role":["Local business"],"synthetic":true,"sample":390}},{"type":"Feature","id":"sim-0587","geometry":{"type":"Point","coordinates":[-71.084767,-29.429671]},"properties":{"id":"sim-0587","area":"negrillo","sentiment":"concerned","topic":"health","text":["Heavy vehicle traffic could make daily journeys less safe. This should be reviewed with the people who use the area regularly."],"role":["Caregiver"],"synthetic":true,"sample":587}},{"type":"Feature","id":"sim-0459","geometry":{"type":"Point","coordinates":[-71.202531,-29.504366]},"properties":{"id":"sim-0459","area":"higuera","sentiment":"hopeful","topic":"livelihoods","text":["Training linked to real local jobs could create options for young people. Keep the information accessible to people who cannot attend every meeting."],"role":["Local business"],"synthetic":true,"sample":459}},{"type":"Feature","id":"sim-0424","geometry":{"type":"Point","coordinates":[-71.211791,-29.505441]},"properties":{"id":"sim-0424","area":"higuera","sentiment":"hopeful","topic":"water","text":["Community-led water monitoring could turn a promise into something we can track. Show the assumptions as well as the expected benefits."],"role":["Community group"],"synthetic":true,"sample":424}},{"type":"Feature","id":"sim-0393","geometry":{"type":"Point","coordinates":[-71.204777,-29.503491]},"properties":{"id":"sim-0393","area":"higuera","sentiment":"mixed","topic":"livelihoods","text":["Business opportunities matter alongside who carries the additional costs. This should be reviewed with the people who use the area regularly."],"role":["Coastal household"],"synthetic":true,"sample":393}},{"type":"Feature","id":"sim-0484","geometry":{"type":"Point","coordinates":[-71.115519,-29.381497]},"properties":{"id":"sim-0484","area":"trapiche","sentiment":"concerned","topic":"health","text":["Emergency response capacity needs to grow before construction begins. Local knowledge could help identify what the technical map misses."],"role":["Small supplier"],"synthetic":true,"sample":484}},{"type":"Feature","id":"sim-0506","geometry":{"type":"Point","coordinates":[-71.11922,-29.368278]},"properties":{"id":"sim-0506","area":"trapiche","sentiment":"concerned","topic":"other","text":["Public meetings are difficult to attend when they overlap with working hours. We should revisit this when new measurements are available."],"role":["Local business"],"synthetic":true,"sample":506}},{"type":"Feature","id":"sim-0233","geometry":{"type":"Point","coordinates":[-71.321141,-29.487962]},"properties":{"id":"sim-0233","area":"totoralillo","sentiment":"mixed","topic":"other","text":["The commitments sound promising, but responsibility for delivery needs to be clear. Please make the evidence easy to compare across seasons."],"role":["Local business"],"synthetic":true,"sample":233}},{"type":"Feature","id":"sim-0572","geometry":{"type":"Point","coordinates":[-71.124083,-29.374055]},"properties":{"id":"sim-0572","area":"trapiche","sentiment":"mixed","topic":"water","text":["Additional water sounds useful, but the allocation rules still matter. It would help to see who is responsible and when a response is due."],"role":["Rural household"],"synthetic":true,"sample":572}},{"type":"Feature","id":"sim-0568","geometry":{"type":"Point","coordinates":[-71.119128,-29.382419]},"properties":{"id":"sim-0568","area":"trapiche","sentiment":"hopeful","topic":"livelihoods","text":["Training linked to real local jobs could create options for young people. This should be reviewed with the people who use the area regularly."],"role":["Community group"],"synthetic":true,"sample":568}},{"type":"Feature","id":"sim-0403","geometry":{"type":"Point","coordinates":[-71.205134,-29.502324]},"properties":{"id":"sim-0403","area":"higuera","sentiment":"mixed","topic":"livelihoods","text":["Business opportunities matter alongside who carries the additional costs. Please make the evidence easy to compare across seasons."],"role":["Young resident"],"synthetic":true,"sample":403}},{"type":"Feature","id":"sim-0160","geometry":{"type":"Point","coordinates":[-71.295788,-29.304411]},"properties":{"id":"sim-0160","area":"los-choros","sentiment":"mixed","topic":"other","text":["A project can bring benefits while leaving some households worse off. Please separate funded commitments from ideas still being discussed."],"role":["Coastal household"],"synthetic":true,"sample":160}},{"type":"Feature","id":"sim-0328","geometry":{"type":"Point","coordinates":[-71.314276,-29.499487]},"properties":{"id":"sim-0328","area":"totoralillo","sentiment":"concerned","topic":"health","text":["Dust near homes and outdoor work needs independent monitoring. Local knowledge could help identify what the technical map misses."],"role":["Coastal household"],"synthetic":true,"sample":328}},{"type":"Feature","id":"sim-0269","geometry":{"type":"Point","coordinates":[-71.314104,-29.50225]},"properties":{"id":"sim-0269","area":"totoralillo","sentiment":"mixed","topic":"livelihoods","text":["Construction work could help families, but temporary jobs need a plan for what follows. This should be reviewed with the people who use the area regularly."],"role":["Coastal household"],"synthetic":true,"sample":269}},{"type":"Feature","id":"sim-0517","geometry":{"type":"Point","coordinates":[-71.115464,-29.36669]},"properties":{"id":"sim-0517","area":"trapiche","sentiment":"hopeful","topic":"water","text":["Community-led water monitoring could turn a promise into something we can track. Local knowledge could help identify what the technical map misses."],"role":["Local business"],"synthetic":true,"sample":517}},{"type":"Feature","id":"sim-0266","geometry":{"type":"Point","coordinates":[-71.318397,-29.496566]},"properties":{"id":"sim-0266","area":"totoralillo","sentiment":"hopeful","topic":"other","text":["A public record of commitments could make conversations more constructive. Keep the information accessible to people who cannot attend every meeting."],"role":["Small supplier"],"synthetic":true,"sample":266}},{"type":"Feature","id":"sim-0563","geometry":{"type":"Point","coordinates":[-71.1144,-29.376764]},"properties":{"id":"sim-0563","area":"trapiche","sentiment":"concerned","topic":"livelihoods","text":["The cost of living could rise before local families see new income. A clear map would help us discuss this in the next workshop."],"role":["Local business"],"synthetic":true,"sample":563}},{"type":"Feature","id":"sim-0057","geometry":{"type":"Point","coordinates":[-71.455181,-29.255856]},"properties":{"id":"sim-0057","area":"choros","sentiment":"neutral","topic":"other","text":["Who would maintain the public record of questions and responses? A simple public explanation would make this easier to follow."],"role":["Young resident"],"synthetic":true,"sample":57}},{"type":"Feature","id":"sim-0085","geometry":{"type":"Point","coordinates":[-71.449591,-29.258324]},"properties":{"id":"sim-0085","area":"choros","sentiment":"mixed","topic":"other","text":["There is room for dialogue, but people need evidence they can independently check. Please make the evidence easy to compare across seasons."],"role":["Coastal household"],"synthetic":true,"sample":85}},{"type":"Feature","id":"sim-0365","geometry":{"type":"Point","coordinates":[-71.220845,-29.50295]},"properties":{"id":"sim-0365","area":"higuera","sentiment":"hopeful","topic":"livelihoods","text":["Training linked to real local jobs could create options for young people. A simple public explanation would make this easier to follow."],"role":["Coastal household"],"synthetic":true,"sample":365}},{"type":"Feature","id":"sim-0026","geometry":{"type":"Point","coordinates":[-71.458745,-29.240103]},"properties":{"id":"sim-0026","area":"choros","sentiment":"hopeful","topic":"nature","text":["Restoration work could support local skills and long-term ecological care. It would help to see who is responsible and when a response is due."],"role":["Coastal household"],"synthetic":true,"sample":26}},{"type":"Feature","id":"sim-0061","geometry":{"type":"Point","coordinates":[-71.471647,-29.246949]},"properties":{"id":"sim-0061","area":"choros","sentiment":"concerned","topic":"other","text":["There needs to be a clear consequence when a commitment is missed. We should revisit this when new measurements are available."],"role":["Local business"],"synthetic":true,"sample":61}},{"type":"Feature","id":"sim-0252","geometry":{"type":"Point","coordinates":[-71.319695,-29.495142]},"properties":{"id":"sim-0252","area":"totoralillo","sentiment":"neutral","topic":"nature","text":["Where are seasonal wildlife movements missing from the current maps? Keep the information accessible to people who cannot attend every meeting."],"role":["Small supplier"],"synthetic":true,"sample":252}},{"type":"Feature","id":"sim-0007","geometry":{"type":"Point","coordinates":[-71.452677,-29.250371]},"properties":{"id":"sim-0007","area":"choros","sentiment":"hopeful","topic":"livelihoods","text":["Training linked to real local jobs could create options for young people. Show the assumptions as well as the expected benefits."],"role":["Coastal household"],"synthetic":true,"sample":7}},{"type":"Feature","id":"sim-0225","geometry":{"type":"Point","coordinates":[-71.294017,-29.298216]},"properties":{"id":"sim-0225","area":"los-choros","sentiment":"neutral","topic":"water","text":["Who would publish water-quality measurements and how often? Please separate funded commitments from ideas still being discussed."],"role":["Tourism worker"],"synthetic":true,"sample":225}},{"type":"Feature","id":"sim-0250","geometry":{"type":"Point","coordinates":[-71.319686,-29.495287]},"properties":{"id":"sim-0250","area":"totoralillo","sentiment":"neutral","topic":"livelihoods","text":["What share of procurement would be open to locally owned businesses? Show the assumptions as well as the expected benefits."],"role":["Community group"],"synthetic":true,"sample":250}},{"type":"Feature","id":"sim-0083","geometry":{"type":"Point","coordinates":[-71.461194,-29.247595]},"properties":{"id":"sim-0083","area":"choros","sentiment":"mixed","topic":"nature","text":["Development and conservation may coexist, but only with clear ecological limits. A simple public explanation would make this easier to follow."],"role":["Tourism worker"],"synthetic":true,"sample":83}},{"type":"Feature","id":"sim-0451","geometry":{"type":"Point","coordinates":[-71.206753,-29.506612]},"properties":{"id":"sim-0451","area":"higuera","sentiment":"neutral","topic":"health","text":["Where would the nearest independent dust and noise monitoring points be? Keep the information accessible to people who cannot attend every meeting."],"role":["Community group"],"synthetic":true,"sample":451}},{"type":"Feature","id":"sim-0327","geometry":{"type":"Point","coordinates":[-71.322514,-29.493162]},"properties":{"id":"sim-0327","area":"totoralillo","sentiment":"concerned","topic":"other","text":["There needs to be a clear consequence when a commitment is missed. Please make the evidence easy to compare across seasons."],"role":["Young resident"],"synthetic":true,"sample":327}},{"type":"Feature","id":"sim-0163","geometry":{"type":"Point","coordinates":[-71.294795,-29.293487]},"properties":{"id":"sim-0163","area":"los-choros","sentiment":"mixed","topic":"health","text":["Construction timing matters as much as the final design for everyday life. Local knowledge could help identify what the technical map misses."],"role":["Caregiver"],"synthetic":true,"sample":163}},{"type":"Feature","id":"sim-0101","geometry":{"type":"Point","coordinates":[-71.456519,-29.242313]},"properties":{"id":"sim-0101","area":"choros","sentiment":"concerned","topic":"other","text":["There needs to be a clear consequence when a commitment is missed. It would help to see who is responsible and when a response is due."],"role":["Rural household"],"synthetic":true,"sample":101}},{"type":"Feature","id":"sim-0168","geometry":{"type":"Point","coordinates":[-71.290843,-29.292155]},"properties":{"id":"sim-0168","area":"los-choros","sentiment":"concerned","topic":"health","text":["Emergency response capacity needs to grow before construction begins. This should be reviewed with the people who use the area regularly."],"role":["Caregiver"],"synthetic":true,"sample":168}},{"type":"Feature","id":"sim-0612","geometry":{"type":"Point","coordinates":[-71.071171,-29.4395]},"properties":{"id":"sim-0612","area":"negrillo","sentiment":"concerned","topic":"water","text":["Smaller settlements could be left out of the water network. A simple public explanation would make this easier to follow."],"role":["Community group"],"synthetic":true,"sample":612}},{"type":"Feature","id":"sim-0491","geometry":{"type":"Point","coordinates":[-71.112604,-29.373185]},"properties":{"id":"sim-0491","area":"trapiche","sentiment":"concerned","topic":"health","text":["Heavy vehicle traffic could make daily journeys less safe. Show the assumptions as well as the expected benefits."],"role":["Community group"],"synthetic":true,"sample":491}},{"type":"Feature","id":"sim-0601","geometry":{"type":"Point","coordinates":[-71.077758,-29.431895]},"properties":{"id":"sim-0601","area":"negrillo","sentiment":"concerned","topic":"water","text":["Smaller settlements could be left out of the water network. We should revisit this when new measurements are available."],"role":["Community group"],"synthetic":true,"sample":601}},{"type":"Feature","id":"sim-0194","geometry":{"type":"Point","coordinates":[-71.299043,-29.301585]},"properties":{"id":"sim-0194","area":"los-choros","sentiment":"concerned","topic":"livelihoods","text":["Local contracts may be difficult for small suppliers to access. It would help to see who is responsible and when a response is due."],"role":["Community group"],"synthetic":true,"sample":194}},{"type":"Feature","id":"sim-0294","geometry":{"type":"Point","coordinates":[-71.316331,-29.497147]},"properties":{"id":"sim-0294","area":"totoralillo","sentiment":"hopeful","topic":"nature","text":["Community monitoring could build better knowledge of the coast. A simple public explanation would make this easier to follow."],"role":["Small supplier"],"synthetic":true,"sample":294}},{"type":"Feature","id":"sim-0532","geometry":{"type":"Point","coordinates":[-71.109639,-29.37067]},"properties":{"id":"sim-0532","area":"trapiche","sentiment":"hopeful","topic":"water","text":["Community-led water monitoring could turn a promise into something we can track. Please separate funded commitments from ideas still being discussed."],"role":["Coastal household"],"synthetic":true,"sample":532}},{"type":"Feature","id":"sim-0323","geometry":{"type":"Point","coordinates":[-71.318539,-29.494807]},"properties":{"id":"sim-0323","area":"totoralillo","sentiment":"hopeful","topic":"health","text":["Safer roads and a reliable shuttle could benefit everyday travel. Please separate funded commitments from ideas still being discussed."],"role":["Local business"],"synthetic":true,"sample":323}},{"type":"Feature","id":"sim-0190","geometry":{"type":"Point","coordinates":[-71.308701,-29.29186]},"properties":{"id":"sim-0190","area":"los-choros","sentiment":"concerned","topic":"water","text":["A water promise needs an enforceable delivery plan. Show the assumptions as well as the expected benefits."],"role":["Tourism worker"],"synthetic":true,"sample":190}},{"type":"Feature","id":"sim-0475","geometry":{"type":"Point","coordinates":[-71.208993,-29.50273]},"properties":{"id":"sim-0475","area":"higuera","sentiment":"hopeful","topic":"other","text":["A regular community forum could help concerns be addressed earlier. A clear map would help us discuss this in the next workshop."],"role":["Local business"],"synthetic":true,"sample":475}},{"type":"Feature","id":"sim-0268","geometry":{"type":"Point","coordinates":[-71.309805,-29.499975]},"properties":{"id":"sim-0268","area":"totoralillo","sentiment":"hopeful","topic":"livelihoods","text":["Long-term apprenticeships could build skills that last beyond one project. Show the assumptions as well as the expected benefits."],"role":["Caregiver"],"synthetic":true,"sample":268}},{"type":"Feature","id":"sim-0453","geometry":{"type":"Point","coordinates":[-71.214616,-29.506459]},"properties":{"id":"sim-0453","area":"higuera","sentiment":"neutral","topic":"livelihoods","text":["Which training opportunities would be available before hiring begins? We should revisit this when new measurements are available."],"role":["Small supplier"],"synthetic":true,"sample":453}},{"type":"Feature","id":"sim-0044","geometry":{"type":"Point","coordinates":[-71.44971,-29.251396]},"properties":{"id":"sim-0044","area":"choros","sentiment":"concerned","topic":"nature","text":["Marine life moves beyond the islands. Vessel routes need to reflect that. It would help to see who is responsible and when a response is due."],"role":["Small supplier"],"synthetic":true,"sample":44}},{"type":"Feature","id":"sim-0030","geometry":{"type":"Point","coordinates":[-71.462777,-29.263293]},"properties":{"id":"sim-0030","area":"choros","sentiment":"neutral","topic":"nature","text":["Where are seasonal wildlife movements missing from the current maps? Local knowledge could help identify what the technical map misses."],"role":["Caregiver"],"synthetic":true,"sample":30}},{"type":"Feature","id":"sim-0113","geometry":{"type":"Point","coordinates":[-71.45654,-29.246612]},"properties":{"id":"sim-0113","area":"choros","sentiment":"mixed","topic":"other","text":["There is room for dialogue, but people need evidence they can independently check. This should be reviewed with the people who use the area regularly."],"role":["Community group"],"synthetic":true,"sample":113}},{"type":"Feature","id":"sim-0362","geometry":{"type":"Point","coordinates":[-71.220135,-29.506511]},"properties":{"id":"sim-0362","area":"higuera","sentiment":"concerned","topic":"health","text":["Heavy vehicle traffic could make daily journeys less safe. A clear map would help us discuss this in the next workshop."],"role":["Local business"],"synthetic":true,"sample":362}},{"type":"Feature","id":"sim-0335","geometry":{"type":"Point","coordinates":[-71.309651,-29.497391]},"properties":{"id":"sim-0335","area":"totoralillo","sentiment":"mixed","topic":"livelihoods","text":["Business opportunities matter alongside who carries the additional costs. Local knowledge could help identify what the technical map misses."],"role":["Small supplier"],"synthetic":true,"sample":335}},{"type":"Feature","id":"sim-0540","geometry":{"type":"Point","coordinates":[-71.125685,-29.378877]},"properties":{"id":"sim-0540","area":"trapiche","sentiment":"mixed","topic":"health","text":["Better services would be positive, if capacity grows with demand. We should revisit this when new measurements are available."],"role":["Young resident"],"synthetic":true,"sample":540}},{"type":"Feature","id":"sim-0369","geometry":{"type":"Point","coordinates":[-71.217249,-29.492188]},"properties":{"id":"sim-0369","area":"higuera","sentiment":"mixed","topic":"health","text":["Construction timing matters as much as the final design for everyday life. The discussion needs to include effects over the full project life."],"role":["Rural household"],"synthetic":true,"sample":369}},{"type":"Feature","id":"sim-0373","geometry":{"type":"Point","coordinates":[-71.206955,-29.508591]},"properties":{"id":"sim-0373","area":"higuera","sentiment":"neutral","topic":"livelihoods","text":["Which training opportunities would be available before hiring begins? It would help to see who is responsible and when a response is due."],"role":["Coastal household"],"synthetic":true,"sample":373}},{"type":"Feature","id":"sim-0639","geometry":{"type":"Point","coordinates":[-71.072579,-29.440947]},"properties":{"id":"sim-0639","area":"negrillo","sentiment":"mixed","topic":"nature","text":["Development and conservation may coexist, but only with clear ecological limits. Local knowledge could help identify what the technical map misses."],"role":["Rural household"],"synthetic":true,"sample":639}},{"type":"Feature","id":"sim-0374","geometry":{"type":"Point","coordinates":[-71.202663,-29.503664]},"properties":{"id":"sim-0374","area":"higuera","sentiment":"concerned","topic":"livelihoods","text":["A disruption during the fishing season would be hard for small businesses to absorb. A simple public explanation would make this easier to follow."],"role":["Small supplier"],"synthetic":true,"sample":374}},{"type":"Feature","id":"sim-0523","geometry":{"type":"Point","coordinates":[-71.109172,-29.377024]},"properties":{"id":"sim-0523","area":"trapiche","sentiment":"concerned","topic":"livelihoods","text":["A disruption during the fishing season would be hard for small businesses to absorb. Keep the information accessible to people who cannot attend every meeting."],"role":["Community group"],"synthetic":true,"sample":523}}]}